屬性,夏禹,文命,名,夏禹，名曰文命,
生命,鯀,禹,父,禹之父曰鯀,
生命,帝顓頊,鯀,父,鯀之父曰帝顓頊,
生命,昌意,顓頊,父,顓頊之父曰昌意,
生命,黃帝,昌意,父,昌意之父曰黃帝,
生命,黃帝,禹,玄孫,禹者，黃帝之玄孫而帝顓頊之孫也,
生命,帝顓頊,禹,孫,禹者，黃帝之玄孫而帝顓頊之孫也,
屬性,禹,黃帝之玄孫,者,禹者，黃帝之玄孫而帝顓頊之孫也,
屬性,禹,帝顓頊之孫,者,禹者，黃帝之玄孫而帝顓頊之孫也,
生命,昌意,禹,父,禹之曾大父昌意及父鯀皆不得在帝位，為人臣,
生命,鯀,禹,父,禹之曾大父昌意及父鯀皆不得在帝位，為人臣,
屬性,昌意:鯀,不得在帝位,皆,禹之曾大父昌意及父鯀皆不得在帝位，為人臣,
屬性,昌意:鯀,人臣,為,禹之曾大父昌意及父鯀皆不得在帝位，為人臣,
動作,鴻水,山,懷,當帝堯之時，鴻水滔天，浩浩懷山襄陵，下民其憂,當帝堯之時
動作,鴻水,陵,襄,當帝堯之時，鴻水滔天，浩浩懷山襄陵，下民其憂,當帝堯之時
遞進,鴻水襄陵,下民憂鴻水,。-N,當帝堯之時，鴻水滔天，浩浩懷山襄陵，下民其憂,當帝堯之時
政治,下民,鴻水,憂,當帝堯之時，鴻水滔天，浩浩懷山襄陵，下民其憂,當帝堯之時
遞進,下民憂鴻水,堯求能治水者,。-N,當帝堯之時，鴻水滔天，浩浩懷山襄陵，下民其憂。堯求能治水者,當帝堯之時
政治,堯,能治水者,求,當帝堯之時，鴻水滔天，浩浩懷山襄陵，下民其憂。堯求能治水者,當帝堯之時
遞進,堯求能治水者,羣臣四嶽可鯀,，-N,當帝堯之時，鴻水滔天，浩浩懷山襄陵，下民其憂。堯求能治水者，羣臣四嶽皆曰鯀可,當帝堯之時
事件屬性,羣臣四嶽,鯀,可,當帝堯之時，鴻水滔天，浩浩懷山襄陵，下民其憂。堯求能治水者，羣臣四嶽皆曰鯀可,當帝堯之時
遞進,羣臣四嶽可鯀,堯曰,。-N,當帝堯之時，鴻水滔天，浩浩懷山襄陵，下民其憂。堯求能治水者，羣臣四嶽皆曰鯀可。堯曰：「鯀為人負命毀族，不可。」,當帝堯之時
政治,堯,,曰,當帝堯之時，鴻水滔天，浩浩懷山襄陵，下民其憂。堯求能治水者，羣臣四嶽皆曰鯀可。堯曰：「鯀為人負命毀族，不可。」,當帝堯之時
事件屬性,堯曰,,鯀為人負命毀族:不可,堯曰：「鯀為人負命毀族，不可。」,當帝堯之時
遞進,堯曰,四嶽曰,。」-N,堯曰：「鯀為人負命毀族，不可。」四嶽曰：「等之未有賢於鯀者，願帝試之。」,當帝堯之時
政治,四嶽,,曰,四嶽曰：「等之未有賢於鯀者，願帝試之。」,當帝堯之時
事件屬性,四嶽曰,,等之未有賢於鯀者:願帝試之,四嶽曰：「等之未有賢於鯀者，願帝試之。」,當帝堯之時
因果,四嶽之,堯聽四嶽,。」於是-N,四嶽曰：「等之未有賢於鯀者，願帝試之。」於是堯聽四嶽,當帝堯之時
政治,堯,四嶽,聽,於是堯聽四嶽，用鯀治水,當帝堯之時
遞進,堯聽四嶽,堯用鯀,，-N,於是堯聽四嶽，用鯀治水,當帝堯之時
政治,堯,鯀,用,於是堯聽四嶽，用鯀治水,當帝堯之時
事件屬性,堯用鯀,,治水,於是堯聽四嶽，用鯀治水,當帝堯之時
事件屬性,堯用鯀,,九年而水不息,於是堯聽四嶽，用鯀治水。九年而水不息,當帝堯之時
事件屬性,堯用鯀,,功用不成,於是堯聽四嶽，用鯀治水。九年而水不息，功用不成,當帝堯之時
因果,堯用鯀,,。於是-N,於是堯聽四嶽，用鯀治水。九年而水不息，功用不成。於是帝堯乃求人,當帝堯之時
政治,帝堯,人,求,於是帝堯乃求人，更得舜,當帝堯之時
遞進,帝堯求人,帝堯得舜,，-N,於是帝堯乃求人，更得舜,當帝堯之時
政治,帝堯,舜,得,於是帝堯乃求人，更得舜,當帝堯之時
遞進,帝堯得舜,舜登用,。-N,於是帝堯乃求人，更得舜。舜登用,當帝堯之時
政治,舜,,登用,舜登用,當帝堯之時
遞進,舜登用,舜攝行天子之政,，-N,舜登用，攝行天子之政,當帝堯之時
政治,舜,天子之政,攝行,舜登用，攝行天子之政,當帝堯之時
遞進,舜攝行天子之政,舜巡狩,，-N,舜登用，攝行天子之政，巡狩,當帝堯之時
政治,舜,,巡狩,舜登用，攝行天子之政，巡狩,當帝堯之時
遞進,舜巡狩,舜行視治水無狀,。-N,舜登用，攝行天子之政，巡狩。行視鯀之治水無狀,當帝堯之時
政治,舜,治水無狀,行視,舜登用，攝行天子之政，巡狩。行視鯀之治水無狀,當帝堯之時
屬性,治水無狀,鯀,之,舜登用，攝行天子之政，巡狩。行視鯀之治水無狀,當帝堯之時
遞進,舜行視治水無狀,舜殛鯀,，乃-N,舜登用，攝行天子之政，巡狩。行視鯀之治水無狀，乃殛鯀於羽山以死,當帝堯之時
政治,舜,鯀,殛,舜登用，攝行天子之政，巡狩。行視鯀之治水無狀，乃殛鯀於羽山以死,當帝堯之時
事件屬性,舜殛鯀,羽山,於-L,舜登用，攝行天子之政，巡狩。行視鯀之治水無狀，乃殛鯀於羽山以死,當帝堯之時
事件屬性,舜殛鯀,,以死,舜登用，攝行天子之政，巡狩。行視鯀之治水無狀，乃殛鯀於羽山以死,當帝堯之時
遞進,舜殛鯀,天下是舜,。-N,舜登用，攝行天子之政，巡狩。行視鯀之治水無狀，乃殛鯀於羽山以死。天下皆以舜之誅為是,當帝堯之時
政治,天下,舜之誅,是,天下皆以舜之誅為是,當帝堯之時
遞進,天下是舜之誅,舜舉禹,。於是-N,天下皆以舜之誅為是。於是舜舉鯀子禹,當帝堯之時
政治,舜,禹,舉,天下皆以舜之誅為是。於是舜舉鯀子禹,當帝堯之時
生命,鯀,禹,子,於是舜舉鯀子禹，而使續鯀之業,當帝堯之時
遞進,舜舉禹,,，而-N,於是舜舉鯀子禹，而使續鯀之業,當帝堯之時
政治,舜,禹,使,於是舜舉鯀子禹，而使續鯀之業,當帝堯之時
事件屬性,舜使禹,,續鯀之業,於是舜舉鯀子禹，而使續鯀之業,當帝堯之時
生命,堯,,崩,堯崩,當帝堯之時
遞進,堯崩,帝舜問四嶽,，-N,堯崩，帝舜問四嶽曰：「有能成美堯之事者使居官？」,當帝堯之時
政治,帝舜,四嶽,問,帝舜問四嶽曰：「有能成美堯之事者使居官？」,當帝堯之時
事件屬性,帝舜問四嶽,,有能成美堯之事者使居官,帝舜問四嶽曰：「有能成美堯之事者使居官？」,當帝堯之時
遞進,帝舜問四嶽,四嶽曰,？」-N,帝舜問四嶽曰：「有能成美堯之事者使居官？」皆曰：「伯禹為司空，可成美堯之功。」,當帝堯之時
政治,四嶽,,曰,帝舜問四嶽曰：「有能成美堯之事者使居官？」皆曰：「伯禹為司空，可成美堯之功。」,當帝堯之時
事件屬性,四嶽曰,,伯禹為司空:可成美堯之功,帝舜問四嶽曰：「有能成美堯之事者使居官？」皆曰：「伯禹為司空，可成美堯之功。」,當帝堯之時
政治,伯禹,司空,為,帝舜問四嶽曰：「有能成美堯之事者使居官？」皆曰：「伯禹為司空，可成美堯之功。」,當帝堯之時
遞進,四嶽曰,舜曰,。」-N,帝舜問四嶽曰：「有能成美堯之事者使居官？」皆曰：「伯禹為司空，可成美堯之功。」舜曰：「嗟，然！」,當帝堯之時
政治,堯,,曰,舜曰：「嗟，然！」,當帝堯之時
事件屬性,舜曰,,嗟:然,舜曰：「嗟，然！」,當帝堯之時
遞進,舜曰,舜命禹,！」-N,舜曰：「嗟，然！」命禹：「女平水土，維是勉之。」,當帝堯之時
政治,舜,禹,命,舜曰：「嗟，然！」命禹：「女平水土，維是勉之。」,當帝堯之時
事件屬性,舜命禹,,女平水土:維是勉之,舜曰：「嗟，然！」命禹：「女平水土，維是勉之。」,當帝堯之時
政治,禹,水土,平,命禹：「女平水土，維是勉之。」,當帝堯之時
遞進,禹女平水土,禹拜,。」-N,舜曰：「嗟，然！」命禹：「女平水土，維是勉之。」禹拜稽首,當帝堯之時
社交,禹,,拜,禹拜稽首,當帝堯之時
事件屬性,禹拜,,稽首,禹拜稽首,當帝堯之時
遞進,禹首,禹讓於契:后稷:皋陶,，-N,禹拜稽首，讓於契、后稷、皋陶,當帝堯之時
政治,禹,契:后稷:皋陶,讓於,禹拜稽首，讓於契、后稷、皋陶,當帝堯之時
遞進,禹讓於契:后稷:皋陶,舜曰,。-N,禹拜稽首，讓於契、后稷、皋陶,當帝堯之時
政治,舜,,曰,禹拜稽首，讓於契、后稷、皋陶。舜曰：「女其往視爾事矣。」,當帝堯之時
事件屬性,舜曰,,女其往視爾事矣,舜曰：「女其往視爾事矣。」,當帝堯之時
屬性,禹,敏給克勤,為人,禹為人敏給克勤,當帝堯之時
屬性,禹,悳不違,其,禹為人敏給克勤；其悳不違,當帝堯之時
屬性,禹,仁可親,其,禹為人敏給克勤；其悳不違，其仁可親,當帝堯之時
屬性,禹,言可信,其,禹為人敏給克勤；其悳不違，其仁可親，其言可信,當帝堯之時
屬性,禹,聲為律,為人,禹為人敏給克勤；其悳不違，其仁可親，其言可信；聲為律,當帝堯之時
屬性,禹,身為度,為人,禹為人敏給克勤；其悳不違，其仁可親，其言可信；聲為律，身為度,當帝堯之時
屬性,禹,稱以出,為人,禹為人敏給克勤；其悳不違，其仁可親，其言可信；聲為律，身為度，稱以出,當帝堯之時
屬性,禹,亹亹穆穆,為人,禹為人敏給克勤；其悳不違，其仁可親，其言可信；聲為律，身為度，稱以出；亹亹穆穆,當帝堯之時
屬性,禹,為綱為紀,為人,禹為人敏給克勤；其悳不違，其仁可親，其言可信；聲為律，身為度，稱以出；亹亹穆穆，為綱為紀,當帝堯之時
政治,禹,帝命,奉,禹乃遂與益、后稷奉帝命,當帝堯之時
事件屬性,禹奉帝命,,與益:后稷,禹乃遂與益、后稷奉帝命,當帝堯之時
遞進,禹奉帝命,禹命諸侯:百姓,，-N,禹乃遂與益、后稷奉帝命，命諸侯百姓興人徒以傅土,當帝堯之時
政治,禹,諸侯:百姓,命,禹乃遂與益、后稷奉帝命，命諸侯百姓興人徒以傅土,當帝堯之時
事件屬性,禹命諸侯:百姓,,興人徒,禹乃遂與益、后稷奉帝命，命諸侯百姓興人徒以傅土,當帝堯之時
事件屬性,禹命諸侯:百姓,,以傅土,禹乃遂與益、后稷奉帝命，命諸侯百姓興人徒以傅土,當帝堯之時
遞進,禹命諸侯:百姓,禹行山:禹表木,，-N,禹乃遂與益、后稷奉帝命，命諸侯百姓興人徒以傅土，行山表木,當帝堯之時
動作,禹,山,行,禹乃遂與益、后稷奉帝命，命諸侯百姓興人徒以傅土，行山表木,當帝堯之時
動作,禹,木,表,禹乃遂與益、后稷奉帝命，命諸侯百姓興人徒以傅土，行山表木,當帝堯之時
遞進,禹行山:禹表木,禹定高山:大川,，-N,禹乃遂與益、后稷奉帝命，命諸侯百姓興人徒以傅土，行山表木，定高山大川,當帝堯之時
動作,禹,高山:大川,定,禹乃遂與益、后稷奉帝命，命諸侯百姓興人徒以傅土，行山表木，定高山大川,當帝堯之時
政治,禹,先人父鯀,傷,禹傷先人父鯀功之不成受誅,當帝堯之時
事件屬性,禹傷先人父鯀,,功之不成受誅,禹傷先人父鯀功之不成受誅,當帝堯之時
生命,鯀,,受誅,禹傷先人父鯀功之不成受誅,當帝堯之時
事件屬性,鯀受誅,,功之不成,禹傷先人父鯀功之不成受誅,當帝堯之時
生命,禹,鯀,父,禹傷先人父鯀功之不成受誅,當帝堯之時
遞進,禹傷先人父鯀,禹勞身焦思,，乃-N,禹傷先人父鯀功之不成受誅，乃勞身焦思,當帝堯之時
政治,禹,,勞身焦思,禹傷先人父鯀功之不成受誅，乃勞身焦思,當帝堯之時
遞進,禹勞身焦思,禹居外,，-N,禹傷先人父鯀功之不成受誅，乃勞身焦思，居外十三年,當帝堯之時
政治,禹,,居外,禹傷先人父鯀功之不成受誅，乃勞身焦思，居外十三年,當帝堯之時
事件屬性,禹居外,,十三年,禹傷先人父鯀功之不成受誅，乃勞身焦思，居外十三年,當帝堯之時
事件屬性,禹居外,,過家門不敢入,禹傷先人父鯀功之不成受誅，乃勞身焦思，居外十三年，過家門不敢入,當帝堯之時
遞進,禹居外,禹薄衣食,。-N,禹傷先人父鯀功之不成受誅，乃勞身焦思，居外十三年，過家門不敢入。薄衣食,當帝堯之時
動作,禹,衣食,薄,禹傷先人父鯀功之不成受誅，乃勞身焦思，居外十三年，過家門不敢入。薄衣食,當帝堯之時
遞進,禹薄衣食,禹致孝于鬼神,，-N,禹傷先人父鯀功之不成受誅，乃勞身焦思，居外十三年，過家門不敢入。薄衣食，致孝于鬼神,當帝堯之時
政治,禹,鬼神,致孝于,禹傷先人父鯀功之不成受誅，乃勞身焦思，居外十三年，過家門不敢入。薄衣食，致孝于鬼神,當帝堯之時
遞進,禹致孝于鬼神,禹卑宮室,。-N,禹傷先人父鯀功之不成受誅，乃勞身焦思，居外十三年，過家門不敢入。薄衣食，致孝于鬼神。卑宮室,當帝堯之時
動作,禹,宮室,卑,禹傷先人父鯀功之不成受誅，乃勞身焦思，居外十三年，過家門不敢入。薄衣食，致孝于鬼神。卑宮室,當帝堯之時
遞進,禹卑宮室,禹致費,，-N,禹傷先人父鯀功之不成受誅，乃勞身焦思，居外十三年，過家門不敢入。薄衣食，致孝于鬼神。卑宮室，,當帝堯之時
政治,禹,費,致,禹傷先人父鯀功之不成受誅，乃勞身焦思，居外十三年，過家門不敢入。薄衣食，致孝于鬼神。卑宮室，致費於溝淢,當帝堯之時
事件屬性,禹致費,,於溝淢,禹傷先人父鯀功之不成受誅，乃勞身焦思，居外十三年，過家門不敢入。薄衣食，致孝于鬼神。卑宮室，致費於溝淢,當帝堯之時
遞進,禹致費,禹陸行,。-N,禹傷先人父鯀功之不成受誅，乃勞身焦思，居外十三年，過家門不敢入。薄衣食，致孝于鬼神。卑宮室，致費於溝淢。陸行乘車,當帝堯之時
動作,禹,,陸行,禹傷先人父鯀功之不成受誅，乃勞身焦思，居外十三年，過家門不敢入。薄衣食，致孝于鬼神。卑宮室，致費於溝淢。陸行乘車,當帝堯之時
事件屬性,禹陸行,,乘車,禹傷先人父鯀功之不成受誅，乃勞身焦思，居外十三年，過家門不敢入。薄衣食，致孝于鬼神。卑宮室，致費於溝淢。陸行乘車,當帝堯之時
遞進,禹陸行,禹水行,，-N,禹傷先人父鯀功之不成受誅，乃勞身焦思，居外十三年，過家門不敢入。薄衣食，致孝于鬼神。卑宮室，致費於溝淢。陸行乘車，水行乘船,當帝堯之時
動作,禹,,水行,禹傷先人父鯀功之不成受誅，乃勞身焦思，居外十三年，過家門不敢入。薄衣食，致孝于鬼神。卑宮室，致費於溝淢。陸行乘車，水行乘船,當帝堯之時
事件屬性,禹水行,,乘船,禹傷先人父鯀功之不成受誅，乃勞身焦思，居外十三年，過家門不敢入。薄衣食，致孝于鬼神。卑宮室，致費於溝淢。陸行乘車，水行乘船,當帝堯之時
遞進,禹水行,禹泥行,，-N,禹傷先人父鯀功之不成受誅，乃勞身焦思，居外十三年，過家門不敢入。薄衣食，致孝于鬼神。卑宮室，致費於溝淢。陸行乘車，水行乘船，泥行乘橇,當帝堯之時
動作,禹,,泥行,禹傷先人父鯀功之不成受誅，乃勞身焦思，居外十三年，過家門不敢入。薄衣食，致孝于鬼神。卑宮室，致費於溝淢。陸行乘車，水行乘船，泥行乘橇,當帝堯之時
事件屬性,禹泥行,,乘橇,禹傷先人父鯀功之不成受誅，乃勞身焦思，居外十三年，過家門不敢入。薄衣食，致孝于鬼神。卑宮室，致費於溝淢。陸行乘車，水行乘船，泥行乘橇,當帝堯之時
遞進,禹乘橇,禹山行,，-N,禹傷先人父鯀功之不成受誅，乃勞身焦思，居外十三年，過家門不敢入。薄衣食，致孝于鬼神。卑宮室，致費於溝淢。陸行乘車，水行乘船，泥行乘橇，山行乘檋,當帝堯之時
動作,禹,,山行,禹傷先人父鯀功之不成受誅，乃勞身焦思，居外十三年，過家門不敢入。薄衣食，致孝于鬼神。卑宮室，致費於溝淢。陸行乘車，水行乘船，泥行乘橇，山行乘檋,當帝堯之時
事件屬性,禹山行,,乘檋,禹傷先人父鯀功之不成受誅，乃勞身焦思，居外十三年，過家門不敢入。薄衣食，致孝于鬼神。卑宮室，致費於溝淢。陸行乘車，水行乘船，泥行乘橇，山行乘檋,當帝堯之時
遞進,禹山行,禹左準繩,。-N,禹傷先人父鯀功之不成受誅，乃勞身焦思，居外十三年，過家門不敢入。薄衣食，致孝于鬼神。卑宮室，致費於溝淢。陸行乘車，水行乘船，泥行乘橇，山行乘檋。左準繩,當帝堯之時
動作,禹,準繩,左,禹傷先人父鯀功之不成受誅，乃勞身焦思，居外十三年，過家門不敢入。薄衣食，致孝于鬼神。卑宮室，致費於溝淢。陸行乘車，水行乘船，泥行乘橇，山行乘檋。左準繩,當帝堯之時
遞進,禹左準繩,禹右規矩,，-N,禹傷先人父鯀功之不成受誅，乃勞身焦思，居外十三年，過家門不敢入。薄衣食，致孝于鬼神。卑宮室，致費於溝淢。陸行乘車，水行乘船，泥行乘橇，山行乘檋。左準繩，右規矩,當帝堯之時
動作,禹,規矩,右,禹傷先人父鯀功之不成受誅，乃勞身焦思，居外十三年，過家門不敢入。薄衣食，致孝于鬼神。卑宮室，致費於溝淢。陸行乘車，水行乘船，泥行乘橇，山行乘檋。左準繩，右規矩,當帝堯之時
遞進,禹右規矩,禹載四時,，-N,禹傷先人父鯀功之不成受誅，乃勞身焦思，居外十三年，過家門不敢入。薄衣食，致孝于鬼神。卑宮室，致費於溝淢。陸行乘車，水行乘船，泥行乘橇，山行乘檋。左準繩，右規矩，載四時,當帝堯之時
政治,禹,四時,載,禹傷先人父鯀功之不成受誅，乃勞身焦思，居外十三年，過家門不敢入。薄衣食，致孝于鬼神。卑宮室，致費於溝淢。陸行乘車，水行乘船，泥行乘橇，山行乘檋。左準繩，右規矩，載四時,當帝堯之時
遞進,禹載四時,禹開九州,，-N,禹傷先人父鯀功之不成受誅，乃勞身焦思，居外十三年，過家門不敢入。薄衣食，致孝于鬼神。卑宮室，致費於溝淢。陸行乘車，水行乘船，泥行乘橇，山行乘檋。左準繩，右規矩，載四時，以開九州,當帝堯之時
動作,禹,九州,開,禹傷先人父鯀功之不成受誅，乃勞身焦思，居外十三年，過家門不敢入。薄衣食，致孝于鬼神。卑宮室，致費於溝淢。陸行乘車，水行乘船，泥行乘橇，山行乘檋。左準繩，右規矩，載四時，以開九州,當帝堯之時
遞進,禹開九州,禹通九道,，-N,禹傷先人父鯀功之不成受誅，乃勞身焦思，居外十三年，過家門不敢入。薄衣食，致孝于鬼神。卑宮室，致費於溝淢。陸行乘車，水行乘船，泥行乘橇，山行乘檋。左準繩，右規矩，載四時，以開九州，通九道,當帝堯之時
動作,禹,九道,通,禹傷先人父鯀功之不成受誅，乃勞身焦思，居外十三年，過家門不敢入。薄衣食，致孝于鬼神。卑宮室，致費於溝淢。陸行乘車，水行乘船，泥行乘橇，山行乘檋。左準繩，右規矩，載四時，以開九州，通九道,當帝堯之時
遞進,禹通九道,禹陂九澤,，-N,禹傷先人父鯀功之不成受誅，乃勞身焦思，居外十三年，過家門不敢入。薄衣食，致孝于鬼神。卑宮室，致費於溝淢。陸行乘車，水行乘船，泥行乘橇，山行乘檋。左準繩，右規矩，載四時，以開九州，通九道，陂九澤,當帝堯之時
動作,禹,九澤,陂,禹傷先人父鯀功之不成受誅，乃勞身焦思，居外十三年，過家門不敢入。薄衣食，致孝于鬼神。卑宮室，致費於溝淢。陸行乘車，水行乘船，泥行乘橇，山行乘檋。左準繩，右規矩，載四時，以開九州，通九道，陂九澤,當帝堯之時
遞進,禹陂九澤,禹度九山,，-N,禹傷先人父鯀功之不成受誅，乃勞身焦思，居外十三年，過家門不敢入。薄衣食，致孝于鬼神。卑宮室，致費於溝淢。陸行乘車，水行乘船，泥行乘橇，山行乘檋。左準繩，右規矩，載四時，以開九州，通九道，陂九澤，度九山,當帝堯之時
動作,禹,九山,度,禹傷先人父鯀功之不成受誅，乃勞身焦思，居外十三年，過家門不敢入。薄衣食，致孝于鬼神。卑宮室，致費於溝淢。陸行乘車，水行乘船，泥行乘橇，山行乘檋。左準繩，右規矩，載四時，以開九州，通九道，陂九澤，度九山,當帝堯之時
遞進,禹度九山,禹令益,。-N,禹傷先人父鯀功之不成受誅，乃勞身焦思，居外十三年，過家門不敢入。薄衣食，致孝于鬼神。卑宮室，致費於溝淢。陸行乘車，水行乘船，泥行乘橇，山行乘檋。左準繩，右規矩，載四時，以開九州，通九道，陂九澤，度九山。令益予眾庶稻,當帝堯之時
政治,禹,益,令,禹傷先人父鯀功之不成受誅，乃勞身焦思，居外十三年，過家門不敢入。薄衣食，致孝于鬼神。卑宮室，致費於溝淢。陸行乘車，水行乘船，泥行乘橇，山行乘檋。左準繩，右規矩，載四時，以開九州，通九道，陂九澤，度九山。令益予眾庶稻,當帝堯之時
事件屬性,禹令益,,予眾庶稻,禹傷先人父鯀功之不成受誅，乃勞身焦思，居外十三年，過家門不敢入。薄衣食，致孝于鬼神。卑宮室，致費於溝淢。陸行乘車，水行乘船，泥行乘橇，山行乘檋。左準繩，右規矩，載四時，以開九州，通九道，陂九澤，度九山。令益予眾庶稻,當帝堯之時
政治,益,眾庶,予,令益予眾庶稻,當帝堯之時
事件屬性,益予眾庶,,稻,令益予眾庶稻,當帝堯之時
屬性,稻,種卑溼,可,禹傷先人父鯀功之不成受誅，乃勞身焦思，居外十三年，過家門不敢入。薄衣食，致孝于鬼神。卑宮室，致費於溝淢。陸行乘車，水行乘船，泥行乘橇，山行乘檋。左準繩，右規矩，載四時，以開九州，通九道，陂九澤，度九山。令益予眾庶稻，可種卑溼,當帝堯之時
遞進,禹令益,禹命后稷,，-N,禹傷先人父鯀功之不成受誅，乃勞身焦思，居外十三年，過家門不敢入。薄衣食，致孝于鬼神。卑宮室，致費於溝淢。陸行乘車，水行乘船，泥行乘橇，山行乘檋。左準繩，右規矩，載四時，以開九州，通九道，陂九澤，度九山。令益予眾庶稻，可種卑溼。命后稷予眾庶難得之食,當帝堯之時
政治,禹,后稷,命,禹傷先人父鯀功之不成受誅，乃勞身焦思，居外十三年，過家門不敢入。薄衣食，致孝于鬼神。卑宮室，致費於溝淢。陸行乘車，水行乘船，泥行乘橇，山行乘檋。左準繩，右規矩，載四時，以開九州，通九道，陂九澤，度九山。令益予眾庶稻，可種卑溼。命后稷予眾庶難得之食,當帝堯之時
事件屬性,禹命后稷,,予眾庶難得之食,禹傷先人父鯀功之不成受誅，乃勞身焦思，居外十三年，過家門不敢入。薄衣食，致孝于鬼神。卑宮室，致費於溝淢。陸行乘車，水行乘船，泥行乘橇，山行乘檋。左準繩，右規矩，載四時，以開九州，通九道，陂九澤，度九山。令益予眾庶稻，可種卑溼。命后稷予眾庶難得之食,當帝堯之時
政治,后稷,眾庶,予,命后稷予眾庶難得之食,當帝堯之時
事件屬性,后稷予眾庶,,難得之食,命后稷予眾庶難得之食,當帝堯之時
事件屬性,后稷予眾庶,,食少:調有餘相給:以均諸侯,命后稷予眾庶難得之食。食少，調有餘相給，以均諸侯,當帝堯之時
遞進,禹食后稷,禹行相地宜所有以貢:山川之便利,。-N,禹傷先人父鯀功之不成受誅，乃勞身焦思，居外十三年，過家門不敢入。薄衣食，致孝于鬼神。卑宮室，致費於溝淢。陸行乘車，水行乘船，泥行乘橇，山行乘檋。左準繩，右規矩，載四時，以開九州，通九道，陂九澤，度九山。令益予眾庶稻，可種卑溼。命后稷予眾庶難得之食。食少，調有餘相給，以均諸侯。禹乃行相地宜所有以貢，及山川之便利,當帝堯之時
政治,禹,地宜所有以貢:山川之便利,行相,禹乃行相地宜所有以貢，及山川之便利,當帝堯之時
空間,禹,冀州,始-L,禹行自冀州始,當帝堯之時
遞進,禹始冀州,禹載壺口,，-N,禹行自冀州始。冀州：既載壺口,當帝堯之時
動作,禹,壺口,載-L,禹行自冀州始。冀州：既載壺口,當帝堯之時
遞進,禹載壺口,禹治梁:岐,，-N,禹行自冀州始。冀州：既載壺口，治梁及岐,當帝堯之時
動作,禹,梁:岐,治-L,禹行自冀州始。冀州：既載壺口，治梁及岐,當帝堯之時
遞進,禹治梁:岐,禹脩太原,。-N,禹行自冀州始。冀州：既載壺口，治梁及岐。既脩太原,當帝堯之時
動作,禹,太原,脩-L,禹行自冀州始。冀州：既載壺口，治梁及岐。既脩太原,當帝堯之時
遞進,禹脩太原,禹至嶽陽,，-N,禹行自冀州始。冀州：既載壺口，治梁及岐。既脩太原，至于嶽陽,當帝堯之時
空間,禹,嶽陽,至-L,禹行自冀州始。冀州：既載壺口，治梁及岐。既脩太原，至于嶽陽,當帝堯之時
遞進,禹至嶽陽,禹致功覃懷,。-N,禹行自冀州始。冀州：既載壺口，治梁及岐。既脩太原，至于嶽陽。覃懷致功,當帝堯之時
政治,禹,覃懷,致功-L,禹行自冀州始。冀州：既載壺口，治梁及岐。既脩太原，至于嶽陽。覃懷致功,當帝堯之時
遞進,禹致功覃懷,禹至於衡漳,，-N,禹行自冀州始。冀州：既載壺口，治梁及岐。既脩太原，至于嶽陽。覃懷致功，至於衡漳,當帝堯之時
空間,禹,衡漳,至於-L,禹行自冀州始。冀州：既載壺口，治梁及岐。既脩太原，至于嶽陽。覃懷致功，至於衡漳,當帝堯之時
屬性,冀州,土白壤:賦上上錯:田中中,其,禹行自冀州始。冀州：既載壺口，治梁及岐。既脩太原，至于嶽陽。覃懷致功，至於衡漳。其土白壤。賦上上錯，田中中,當帝堯之時
並列,禹至於衡漳,禹從常:衞,，-N,禹行自冀州始。冀州：既載壺口，治梁及岐。既脩太原，至于嶽陽。覃懷致功，至於衡漳。其土白壤。賦上上錯，田中中，常、衞既從,當帝堯之時
動作,禹,常:衞,從-L,禹行自冀州始。冀州：既載壺口，治梁及岐。既脩太原，至于嶽陽。覃懷致功，至於衡漳。其土白壤。賦上上錯，田中中，常、衞既從,當帝堯之時
並列,禹從常:衞,禹為大陸,，-N,禹行自冀州始。冀州：既載壺口，治梁及岐。既脩太原，至于嶽陽。覃懷致功，至於衡漳。其土白壤。賦上上錯，田中中，常、衞既從從，大陸既為,當帝堯之時
動作,禹,大陸,為-L,禹行自冀州始。冀州：既載壺口，治梁及岐。既脩太原，至于嶽陽。覃懷致功，至於衡漳。其土白壤。賦上上錯，田中中，常、衞既從從，大陸既為,當帝堯之時
遞進,禹為大陸,鳥夷皮服,。-N,禹行自冀州始。冀州：既載壺口，治梁及岐。既脩太原，至于嶽陽。覃懷致功，至於衡漳。其土白壤。賦上上錯，田中中，常、衞既從從，大陸既為。鳥夷皮服,當帝堯之時
動作,鳥夷,,皮服,鳥夷皮服,當帝堯之時
遞進,鳥夷皮服,冀州夾右碣石,。-N,禹行自冀州始。冀州：既載壺口，治梁及岐。既脩太原，至于嶽陽。覃懷致功，至於衡漳。其土白壤。賦上上錯，田中中，常、衞既從，大陸既為。鳥夷皮服。夾右碣石,當帝堯之時
空間,冀州,右碣石,夾-L,禹行自冀州始。冀州：既載壺口，治梁及岐。既脩太原，至于嶽陽。覃懷致功，至於衡漳。其土白壤。賦上上錯，田中中，常、衞既從，大陸既為。鳥夷皮服。夾右碣石,當帝堯之時
遞進,冀州夾右碣石,冀州入海,，-N,禹行自冀州始。冀州：既載壺口，治梁及岐。既脩太原，至于嶽陽。覃懷致功，至於衡漳。其土白壤。賦上上錯，田中中，常、衞既從，大陸既為。鳥夷皮服。夾右碣石，入于海,當帝堯之時
空間,冀州,海,入-L,禹行自冀州始。冀州：既載壺口，治梁及岐。既脩太原，至于嶽陽。覃懷致功，至於衡漳。其土白壤。賦上上錯，田中中，常、衞既從，大陸既為。鳥夷皮服。夾右碣石，入于海,當帝堯之時
動作,濟:河,沇州,維-L,濟、河維沇州,當帝堯之時
空間,禹,九河,道-L,禹行自冀州始。冀州：既載壺口，治梁及岐。既脩太原，至于嶽陽。覃懷致功，至於衡漳。其土白壤。賦上上錯，田中中，常、衞既從，大陸既為。鳥夷皮服。夾右碣石，入于海。濟、河維沇州：九河既道,當帝堯之時
遞進,禹道九河,雷夏澤沇州,，-N,濟、河維沇州：九河既道，雷夏既澤,當帝堯之時
空間,雷夏,沇州,澤-L,濟、河維沇州：九河既道，雷夏既澤,當帝堯之時
遞進,雷夏澤沇州,雍:沮同雷夏,，-N,濟、河維沇州：九河既道，雷夏既澤，雍、沮會同,當帝堯之時
空間,雍:沮,雷夏,同-L,濟、河維沇州：九河既道，雷夏既澤，雍、沮會同,當帝堯之時
遞進,雍:沮同雷夏,桑土蠶,，-N,濟、河維沇州：九河既道，雷夏既澤，雍、沮會同，桑土既蠶,當帝堯之時
動作,桑土,,蠶,濟、河維沇州：九河既道，雷夏既澤，雍、沮會同，桑土既蠶,當帝堯之時
因果,桑土蠶,,，於是-N,濟、河維沇州：九河既道，雷夏既澤，雍、沮會同，桑土既蠶，於是民得下丘居土,當帝堯之時
動作,民,,下丘,濟、河維沇州：九河既道，雷夏既澤，雍、沮會同，桑土既蠶，於是民得下丘居土,當帝堯之時
事件屬性,民下丘,,居土,濟、河維沇州：九河既道，雷夏既澤，雍、沮會同，桑土既蠶，於是民得下丘居土,當帝堯之時
屬性,沇州,土黑墳:草繇木條:田中下:賦貞,其,濟、河維沇州：九河既道，雷夏既澤，雍、沮會同，桑土既蠶，於是民得下丘居土。其土黑墳，草繇木條。田中下，賦貞，作十有三年乃同,當帝堯之時
屬性,沇州,作十有三年乃同,其,濟、河維沇州：九河既道，雷夏既澤，雍、沮會同，桑土既蠶，於是民得下丘居土。其土黑墳，草繇木條。田中下，賦貞，作十有三年乃同,當帝堯之時
屬性,沇州,貢漆絲,其,濟、河維沇州：九河既道，雷夏既澤，雍、沮會同，桑土既蠶，於是民得下丘居土。其土黑墳，草繇木條。田中下，賦貞，作十有三年乃同。其貢漆絲,當帝堯之時
屬性,沇州,篚織文,其,濟、河維沇州：九河既道，雷夏既澤，雍、沮會同，桑土既蠶，於是民得下丘居土。其土黑墳，草繇木條。田中下，賦貞，作十有三年乃同。其貢漆絲，其篚織文。,當帝堯之時
空間,沇州,濟:漯,浮-L,濟、河維沇州：九河既道，雷夏既澤，雍、沮會同，桑土既蠶，於是民得下丘居土。其土黑墳，草繇木條。田中下，賦貞，作十有三年乃同。其貢漆絲，其篚織文。浮於濟、漯，通於河,當帝堯之時
遞進,沇州浮濟:漯,沇州通於河,，-N,濟、河維沇州：九河既道，雷夏既澤，雍、沮會同，桑土既蠶，於是民得下丘居土。其土黑墳，草繇木條。田中下，賦貞，作十有三年乃同。其貢漆絲，其篚織文。浮於濟、漯，通於河,當帝堯之時
空間,沇州,河,通於-L,濟、河維沇州：九河既道，雷夏既澤，雍、沮會同，桑土既蠶，於是民得下丘居土。其土黑墳，草繇木條。田中下，賦貞，作十有三年乃同。其貢漆絲，其篚織文。浮於濟、漯，通於河,當帝堯之時
動作,海岱,青州,維,海岱維青州,當帝堯之時
政治,禹,堣夷,略-L,禹行自冀州始。冀州：既載壺口，治梁及岐。既脩太原，至于嶽陽。覃懷致功，至於衡漳。其土白壤。賦上上錯，田中中，常、衞既從，大陸既為。鳥夷皮服。夾右碣石，入于海。濟、河維沇州：九河既道，雷夏既澤，雍、沮會同，桑土既蠶，於是民得下丘居土。其土黑墳，草繇木條。田中下，賦貞，作十有三年乃同。其貢漆絲，其篚織文。浮於濟、漯，通於河。海岱維青州：堣夷既略,當帝堯之時
遞進,禹略堣夷,禹道濰:淄,，-N,海岱維青州：堣夷既略，濰、淄其道,當帝堯之時
動作,禹,濰:淄,道-L,海岱維青州：堣夷既略，濰、淄其道,當帝堯之時
屬性,青州,土白墳:海濱廣潟:田斥鹵:田上下:賦中上,其,海岱維青州：堣夷既略，濰、淄其道。其土白墳，海濱廣潟，厥田斥鹵。田上下，賦中上,當帝堯之時
政治,青州,鹽絺:海物維錯:岱畎絲:枲:鉛:松:怪石,厥貢,海岱維青州：堣夷既略，濰、淄其道。其土白墳，海濱廣潟，厥田斥鹵。田上下，賦中上。厥貢鹽絺，海物維錯，岱畎絲、枲、鉛、松、怪石,當帝堯之時
屬性,萊夷,牧,為,海岱維青州：堣夷既略，濰、淄其道。其土白墳，海濱廣潟，厥田斥鹵。田上下，賦中上。厥貢鹽絺，海物維錯，岱畎絲、枲、鉛、松、怪石，萊夷為牧,當帝堯之時
屬性,青州,篚酓絲,其,海岱維青州：堣夷既略，濰、淄其道。其土白墳，海濱廣潟，厥田斥鹵。田上下，賦中上。厥貢鹽絺，海物維錯，岱畎絲、枲、鉛、松、怪石，萊夷為牧，其篚酓絲,當帝堯之時
空間,青州,汶,浮-L,海岱維青州：堣夷既略，濰、淄其道。其土白墳，海濱廣潟，厥田斥鹵。田上下，賦中上。厥貢鹽絺，海物維錯，岱畎絲、枲、鉛、松、怪石，萊夷為牧，其篚酓絲。浮於汶,當帝堯之時
遞進,青州浮汶,青州通濟,，-N,海岱維青州：堣夷既略，濰、淄其道。其土白墳，海濱廣潟，厥田斥鹵。田上下，賦中上。厥貢鹽絺，海物維錯，岱畎絲、枲、鉛、松、怪石，萊夷為牧，其篚酓絲。浮於汶，通於濟,當帝堯之時
空間,青州,濟,通-L,海岱維青州：堣夷既略，濰、淄其道。其土白墳，海濱廣潟，厥田斥鹵。田上下，賦中上。厥貢鹽絺，海物維錯，岱畎絲、枲、鉛、松、怪石，萊夷為牧，其篚酓絲。浮於汶，通於濟,當帝堯之時
動作,海岱:淮,徐州,維-L,海岱及淮維徐州：淮、沂其治，蒙、羽其蓺。,當帝堯之時
動作,禹,淮:沂,治-L,禹行自冀州始。冀州：既載壺口，治梁及岐。既脩太原，至于嶽陽。覃懷致功，至於衡漳。其土白壤。賦上上錯，田中中，常、衞既從，大陸既為。鳥夷皮服。夾右碣石，入于海。濟、河維沇州：九河既道，雷夏既澤，雍、沮會同，桑土既蠶，於是民得下丘居土。其土黑墳，草繇木條。田中下，賦貞，作十有三年乃同。其貢漆絲，其篚織文。浮於濟、漯，通於河。海岱維青州：堣夷既略，濰、淄其道。其土白墳，海濱廣潟，厥田斥鹵。田上下，賦中上。厥貢鹽絺，海物維錯，岱畎絲、枲、鉛、松、怪石，萊夷為牧，其篚酓絲。浮於汶，通於濟。海岱及淮維徐州：淮、沂其治,當帝堯之時
遞進,禹治淮:沂,禹蓺蒙:羽,，-N,禹行自冀州始。冀州：既載壺口，治梁及岐。既脩太原，至于嶽陽。覃懷致功，至於衡漳。其土白壤。賦上上錯，田中中，常、衞既從，大陸既為。鳥夷皮服。夾右碣石，入于海。濟、河維沇州：九河既道，雷夏既澤，雍、沮會同，桑土既蠶，於是民得下丘居土。其土黑墳，草繇木條。田中下，賦貞，作十有三年乃同。其貢漆絲，其篚織文。浮於濟、漯，通於河。海岱維青州：堣夷既略，濰、淄其道。其土白墳，海濱廣潟，厥田斥鹵。田上下，賦中上。厥貢鹽絺，海物維錯，岱畎絲、枲、鉛、松、怪石，萊夷為牧，其篚酓絲。浮於汶，通於濟。海岱及淮維徐州：淮、沂其治，蒙、羽其蓺,當帝堯之時
動作,禹,蒙:羽,蓺-L,禹行自冀州始。冀州：既載壺口，治梁及岐。既脩太原，至于嶽陽。覃懷致功，至於衡漳。其土白壤。賦上上錯，田中中，常、衞既從，大陸既為。鳥夷皮服。夾右碣石，入于海。濟、河維沇州：九河既道，雷夏既澤，雍、沮會同，桑土既蠶，於是民得下丘居土。其土黑墳，草繇木條。田中下，賦貞，作十有三年乃同。其貢漆絲，其篚織文。浮於濟、漯，通於河。海岱維青州：堣夷既略，濰、淄其道。其土白墳，海濱廣潟，厥田斥鹵。田上下，賦中上。厥貢鹽絺，海物維錯，岱畎絲、枲、鉛、松、怪石，萊夷為牧，其篚酓絲。浮於汶，通於濟。海岱及淮維徐州：淮、沂其治，蒙、羽其蓺,當帝堯之時
遞進,禹蓺蒙:羽,禹都大野,。-N,禹行自冀州始。冀州：既載壺口，治梁及岐。既脩太原，至于嶽陽。覃懷致功，至於衡漳。其土白壤。賦上上錯，田中中，常、衞既從，大陸既為。鳥夷皮服。夾右碣石，入于海。濟、河維沇州：九河既道，雷夏既澤，雍、沮會同，桑土既蠶，於是民得下丘居土。其土黑墳，草繇木條。田中下，賦貞，作十有三年乃同。其貢漆絲，其篚織文。浮於濟、漯，通於河。海岱維青州：堣夷既略，濰、淄其道。其土白墳，海濱廣潟，厥田斥鹵。田上下，賦中上。厥貢鹽絺，海物維錯，岱畎絲、枲、鉛、松、怪石，萊夷為牧，其篚酓絲。浮於汶，通於濟。海岱及淮維徐州：淮、沂其治，蒙、羽其蓺。大野既都,當帝堯之時
動作,禹,大野,都-L,禹行自冀州始。冀州：既載壺口，治梁及岐。既脩太原，至于嶽陽。覃懷致功，至於衡漳。其土白壤。賦上上錯，田中中，常、衞既從，大陸既為。鳥夷皮服。夾右碣石，入于海。濟、河維沇州：九河既道，雷夏既澤，雍、沮會同，桑土既蠶，於是民得下丘居土。其土黑墳，草繇木條。田中下，賦貞，作十有三年乃同。其貢漆絲，其篚織文。浮於濟、漯，通於河。海岱維青州：堣夷既略，濰、淄其道。其土白墳，海濱廣潟，厥田斥鹵。田上下，賦中上。厥貢鹽絺，海物維錯，岱畎絲、枲、鉛、松、怪石，萊夷為牧，其篚酓絲。浮於汶，通於濟。海岱及淮維徐州：淮、沂其治，蒙、羽其蓺。大野既都,當帝堯之時
遞進,禹都大野,禹厎平東原,，-N,禹行自冀州始。冀州：既載壺口，治梁及岐。既脩太原，至于嶽陽。覃懷致功，至於衡漳。其土白壤。賦上上錯，田中中，常、衞既從，大陸既為。鳥夷皮服。夾右碣石，入于海。濟、河維沇州：九河既道，雷夏既澤，雍、沮會同，桑土既蠶，於是民得下丘居土。其土黑墳，草繇木條。田中下，賦貞，作十有三年乃同。其貢漆絲，其篚織文。浮於濟、漯，通於河。海岱維青州：堣夷既略，濰、淄其道。其土白墳，海濱廣潟，厥田斥鹵。田上下，賦中上。厥貢鹽絺，海物維錯，岱畎絲、枲、鉛、松、怪石，萊夷為牧，其篚酓絲。浮於汶，通於濟。海岱及淮維徐州：淮、沂其治，蒙、羽其蓺。大野既都，東原厎平,當帝堯之時
動作,禹,東原,厎平-L,禹行自冀州始。冀州：既載壺口，治梁及岐。既脩太原，至于嶽陽。覃懷致功，至於衡漳。其土白壤。賦上上錯，田中中，常、衞既從，大陸既為。鳥夷皮服。夾右碣石，入于海。濟、河維沇州：九河既道，雷夏既澤，雍、沮會同，桑土既蠶，於是民得下丘居土。其土黑墳，草繇木條。田中下，賦貞，作十有三年乃同。其貢漆絲，其篚織文。浮於濟、漯，通於河。海岱維青州：堣夷既略，濰、淄其道。其土白墳，海濱廣潟，厥田斥鹵。田上下，賦中上。厥貢鹽絺，海物維錯，岱畎絲、枲、鉛、松、怪石，萊夷為牧，其篚酓絲。浮於汶，通於濟。海岱及淮維徐州：淮、沂其治，蒙、羽其蓺。大野既都，東原厎平,當帝堯之時
屬性,徐州,田上中:賦中中,其,海岱及淮維徐州：淮、沂其治，蒙、羽其蓺。大野既都，東原厎平。其土赤埴墳，草木漸包。其田上中，賦中中,當帝堯之時
政治,徐州,維土五色:羽畎夏狄:嶧陽孤桐:泗濱浮磬:淮夷蠙珠臮魚,貢,海岱及淮維徐州：淮、沂其治，蒙、羽其蓺。大野既都，東原厎平。其土赤埴墳，草木漸包。其田上中，賦中中。貢維土五色，羽畎夏狄，嶧陽孤桐，泗濱浮磬，淮夷蠙珠臮魚,當帝堯之時
屬性,徐州,篚玄纖縞,其,海岱及淮維徐州：淮、沂其治，蒙、羽其蓺。大野既都，東原厎平。其土赤埴墳，草木漸包。其田上中，賦中中。貢維土五色，羽畎夏狄，嶧陽孤桐，泗濱浮磬，淮夷蠙珠臮魚，其篚玄纖縞,當帝堯之時
空間,徐州,淮:泗,浮于-L,海岱及淮維徐州：淮、沂其治，蒙、羽其蓺。大野既都，東原厎平。其土赤埴墳，草木漸包。其田上中，賦中中。貢維土五色，羽畎夏狄，嶧陽孤桐，泗濱浮磬，淮夷蠙珠臮魚，其篚玄纖縞。浮于淮、泗,當帝堯之時
遞進,徐州浮于淮:泗,徐州通于河,，-N,海岱及淮維徐州：淮、沂其治，蒙、羽其蓺。大野既都，東原厎平。其土赤埴墳，草木漸包。其田上中，賦中中。貢維土五色，羽畎夏狄，嶧陽孤桐，泗濱浮磬，淮夷蠙珠臮魚，其篚玄纖縞。浮于淮、泗，通于河,當帝堯之時
空間,徐州,河,通于-L,海岱及淮維徐州：淮、沂其治，蒙、羽其蓺。大野既都，東原厎平。其土赤埴墳，草木漸包。其田上中，賦中中。貢維土五色，羽畎夏狄，嶧陽孤桐，泗濱浮磬，淮夷蠙珠臮魚，其篚玄纖縞。浮于淮、泗，通于河,當帝堯之時
動作,淮海,揚州,維-L,淮海維揚州,當帝堯之時
空間,彭蠡,揚州,都-L,淮海維揚州：彭蠡既都,當帝堯之時
遞進,彭蠡都揚州,陽鳥居揚州,，-N,淮海維揚州：彭蠡既都，陽鳥所居,當帝堯之時
空間,陽鳥,揚州,居-L,淮海維揚州：彭蠡既都，陽鳥所居,當帝堯之時
遞進,陽鳥居揚州,三江入揚州,。-N,淮海維揚州：彭蠡既都，陽鳥所居。三江既入,當帝堯之時
空間,三江,揚州,入-L,淮海維揚州：彭蠡既都，陽鳥所居。三江既入,當帝堯之時
遞進,三江入揚州,三江定震澤,，-N,淮海維揚州：彭蠡既都，陽鳥所居。三江既入，震澤致定,當帝堯之時
動作,三江,震澤,定-L,淮海維揚州：彭蠡既都，陽鳥所居。三江既入，震澤致定,當帝堯之時
遞進,三江定震澤,竹箭布揚州,。-N,淮海維揚州：彭蠡既都，陽鳥所居。三江既入，震澤致定。竹箭既布,當帝堯之時
動作,竹箭,揚州,布-L,淮海維揚州：彭蠡既都，陽鳥所居。三江既入，震澤致定。竹箭既布,當帝堯之時
屬性,揚州,草惟夭,其,淮海維揚州：彭蠡既都，陽鳥所居。三江既入，震澤致定。竹箭既布。其草惟夭,當帝堯之時
屬性,揚州,木惟喬,其,淮海維揚州：彭蠡既都，陽鳥所居。三江既入，震澤致定。竹箭既布。其草惟夭，其木惟喬,當帝堯之時
屬性,揚州,土塗泥:田下下:賦下上上雜,其,淮海維揚州：彭蠡既都，陽鳥所居。三江既入，震澤致定。竹箭既布。其草惟夭，其木惟喬，其土塗泥。田下下，賦下上上雜,當帝堯之時
政治,揚州,金三品:瑤:琨:竹箭:齒:革:羽:旄,貢,淮海維揚州：彭蠡既都，陽鳥所居。三江既入，震澤致定。竹箭既布。其草惟夭，其木惟喬，其土塗泥。田下下，賦下上上雜。貢金三品，瑤、琨、竹箭，齒、革、羽、旄,當帝堯之時
動作,島夷,,卉服,島夷卉服,當帝堯之時
屬性,揚州,篚織貝,其,淮海維揚州：彭蠡既都，陽鳥所居。三江既入，震澤致定。竹箭既布。其草惟夭，其木惟喬，其土塗泥。田下下，賦下上上雜。貢金三品，瑤、琨、竹箭，齒、革、羽、旄，島夷卉服，其篚織貝。,當帝堯之時
政治,揚州,包橘:柚錫,貢,淮海維揚州：彭蠡既都，陽鳥所居。三江既入，震澤致定。竹箭既布。其草惟夭，其木惟喬，其土塗泥。田下下，賦下上上雜。貢金三品，瑤、琨、竹箭，齒、革、羽、旄，島夷卉服，其篚織貝，其包橘、柚錫貢。,當帝堯之時
動作,揚州,江海,均-L,淮海維揚州：彭蠡既都，陽鳥所居。三江既入，震澤致定。竹箭既布。其草惟夭，其木惟喬，其土塗泥。田下下，賦下上上雜。貢金三品，瑤、琨、竹箭，齒、革、羽、旄，島夷卉服，其篚織貝，其包橘、柚錫貢。均江海,當帝堯之時
遞進,揚州均江海,,，-N,淮海維揚州：彭蠡既都，陽鳥所居。三江既入，震澤致定。竹箭既布。其草惟夭，其木惟喬，其土塗泥。田下下，賦下上上雜。貢金三品，瑤、琨、竹箭，齒、革、羽、旄，島夷卉服，其篚織貝，其包橘、柚錫貢。均江海，通淮、泗。,當帝堯之時
動作,揚州,江海,均-L,淮海維揚州：彭蠡既都，陽鳥所居。三江既入，震澤致定。竹箭既布。其草惟夭，其木惟喬，其土塗泥。田下下，賦下上上雜。貢金三品，瑤、琨、竹箭，齒、革、羽、旄，島夷卉服，其篚織貝，其包橘、柚錫貢。均江海，通淮、泗。,當帝堯之時
遞進,揚州均江海,揚州通淮:泗,，-N,淮海維揚州：彭蠡既都，陽鳥所居。三江既入，震澤致定。竹箭既布。其草惟夭，其木惟喬，其土塗泥。田下下，賦下上上雜。貢金三品，瑤、琨、竹箭，齒、革、羽、旄，島夷卉服，其篚織貝，其包橘、柚錫貢。均江海，通淮、泗。,當帝堯之時
動作,揚州,淮:泗,通-L,淮海維揚州：彭蠡既都，陽鳥所居。三江既入，震澤致定。竹箭既布。其草惟夭，其木惟喬，其土塗泥。田下下，賦下上上雜。貢金三品，瑤、琨、竹箭，齒、革、羽、旄，島夷卉服，其篚織貝，其包橘、柚錫貢。均江海，通淮、泗。,當帝堯之時
動作,荊:衡陽,荊州,維,荊及衡陽維荊州,當帝堯之時
空間,江:漢,海,朝宗于-L,荊及衡陽維荊州：江、漢朝宗于海,當帝堯之時
遞進,江:漢朝宗于海,九江中,。-N,荊及衡陽維荊州：江、漢朝宗于海。九江甚中,當帝堯之時
空間,九江,,中,荊及衡陽維荊州：江、漢朝宗于海。九江甚中,當帝堯之時
遞進,九江中,沱:涔道,，-N,荊及衡陽維荊州：江、漢朝宗于海。九江甚中，沱、涔已道,當帝堯之時
動作,禹,沱:涔,道-L,禹行自冀州始。冀州：既載壺口，治梁及岐。既脩太原，至于嶽陽。覃懷致功，至於衡漳。其土白壤。賦上上錯，田中中，常、衞既從，大陸既為。鳥夷皮服。夾右碣石，入于海。濟、河維沇州：九河既道，雷夏既澤，雍、沮會同，桑土既蠶，於是民得下丘居土。其土黑墳，草繇木條。田中下，賦貞，作十有三年乃同。其貢漆絲，其篚織文。浮於濟、漯，通於河。海岱維青州：堣夷既略，濰、淄其道。其土白墳，海濱廣潟，厥田斥鹵。田上下，賦中上。厥貢鹽絺，海物維錯，岱畎絲、枲、鉛、松、怪石，萊夷為牧，其篚酓絲。浮於汶，通於濟。海岱及淮維徐州：淮、沂其治，蒙、羽其蓺。大野既都，東原厎平。其土赤埴墳，草木漸包。其田上中，賦中中。貢維土五色，羽畎夏狄，嶧陽孤桐，泗濱浮磬，淮夷蠙珠臮魚，其篚玄纖縞。浮于淮、泗，通于河。淮海維揚州：彭蠡既都，陽鳥所居。三江既入，震澤致定。竹箭既布。其草惟夭，其木惟喬，其土塗泥。田下下，賦下上上雜。貢金三品，瑤、琨、竹箭，齒、革、羽、旄，島夷卉服，其篚織貝，其包橘、柚錫貢。均江海，通淮、泗。荊及衡陽維荊州：江、漢朝宗于海。九江甚中，沱、涔已道,當帝堯之時
遞進,禹道沱:涔,禹治雲土:夢,，-N,禹行自冀州始。冀州：既載壺口，治梁及岐。既脩太原，至于嶽陽。覃懷致功，至於衡漳。其土白壤。賦上上錯，田中中，常、衞既從，大陸既為。鳥夷皮服。夾右碣石，入于海。濟、河維沇州：九河既道，雷夏既澤，雍、沮會同，桑土既蠶，於是民得下丘居土。其土黑墳，草繇木條。田中下，賦貞，作十有三年乃同。其貢漆絲，其篚織文。浮於濟、漯，通於河。海岱維青州：堣夷既略，濰、淄其道。其土白墳，海濱廣潟，厥田斥鹵。田上下，賦中上。厥貢鹽絺，海物維錯，岱畎絲、枲、鉛、松、怪石，萊夷為牧，其篚酓絲。浮於汶，通於濟。海岱及淮維徐州：淮、沂其治，蒙、羽其蓺。大野既都，東原厎平。其土赤埴墳，草木漸包。其田上中，賦中中。貢維土五色，羽畎夏狄，嶧陽孤桐，泗濱浮磬，淮夷蠙珠臮魚，其篚玄纖縞。浮于淮、泗，通于河。淮海維揚州：彭蠡既都，陽鳥所居。三江既入，震澤致定。竹箭既布。其草惟夭，其木惟喬，其土塗泥。田下下，賦下上上雜。貢金三品，瑤、琨、竹箭，齒、革、羽、旄，島夷卉服，其篚織貝，其包橘、柚錫貢。均江海，通淮、泗。荊及衡陽維荊州：江、漢朝宗于海。九江甚中，沱、涔已道，雲土、夢為治,當帝堯之時
動作,禹,雲土:夢,治,禹行自冀州始。冀州：既載壺口，治梁及岐。既脩太原，至于嶽陽。覃懷致功，至於衡漳。其土白壤。賦上上錯，田中中，常、衞既從，大陸既為。鳥夷皮服。夾右碣石，入于海。濟、河維沇州：九河既道，雷夏既澤，雍、沮會同，桑土既蠶，於是民得下丘居土。其土黑墳，草繇木條。田中下，賦貞，作十有三年乃同。其貢漆絲，其篚織文。浮於濟、漯，通於河。海岱維青州：堣夷既略，濰、淄其道。其土白墳，海濱廣潟，厥田斥鹵。田上下，賦中上。厥貢鹽絺，海物維錯，岱畎絲、枲、鉛、松、怪石，萊夷為牧，其篚酓絲。浮於汶，通於濟。海岱及淮維徐州：淮、沂其治，蒙、羽其蓺。大野既都，東原厎平。其土赤埴墳，草木漸包。其田上中，賦中中。貢維土五色，羽畎夏狄，嶧陽孤桐，泗濱浮磬，淮夷蠙珠臮魚，其篚玄纖縞。浮于淮、泗，通于河。淮海維揚州：彭蠡既都，陽鳥所居。三江既入，震澤致定。竹箭既布。其草惟夭，其木惟喬，其土塗泥。田下下，賦下上上雜。貢金三品，瑤、琨、竹箭，齒、革、羽、旄，島夷卉服，其篚織貝，其包橘、柚錫貢。均江海，通淮、泗。荊及衡陽維荊州：江、漢朝宗于海。九江甚中，沱、涔已道，雲土、夢為治,當帝堯之時
屬性,荊州,土塗泥:田下中:賦上下,其,荊及衡陽維荊州：江、漢朝宗于海。九江甚中，沱、涔已道，雲土、夢為治。其土塗泥。田下中，賦上下,當帝堯之時
政治,荊州,羽:旄:齒:革:金三品:杶:榦:栝:柏:礪:砥:砮:丹:維箘簬:楛:包匭菁茅,貢,荊及衡陽維荊州：江、漢朝宗于海。九江甚中，沱、涔已道，雲土、夢為治。其土塗泥。田下中，賦上下。貢羽、旄、齒、革，金三品，杶、榦、栝、柏，礪、砥、砮、丹，維箘簬、楛，三國致貢其名，包匭菁茅,當帝堯之時
屬性,維箘簬:楛,三國致貢,其,維箘簬、楛，三國致貢其名,當帝堯之時
屬性,荊州,篚玄纁璣組,其,荊及衡陽維荊州：江、漢朝宗于海。九江甚中，沱、涔已道，雲土、夢為治。其土塗泥。田下中，賦上下。貢羽、旄、齒、革，金三品，杶、榦、栝、柏，礪、砥、砮、丹，維箘簬、楛，三國致貢其名，包匭菁茅，其篚玄纁璣組,當帝堯之時
空間,九江,荊州,入,荊及衡陽維荊州：江、漢朝宗于海。九江甚中，沱、涔已道，雲土、夢為治。其土塗泥。田下中，賦上下。貢羽、旄、齒、革，金三品，杶、榦、栝、柏，礪、砥、砮、丹，維箘簬、楛，三國致貢其名，包匭菁茅，其篚玄纁璣組，九江入賜大龜,當帝堯之時
事件屬性,九江入荊州,,賜大龜,荊及衡陽維荊州：江、漢朝宗于海。九江甚中，沱、涔已道，雲土、夢為治。其土塗泥。田下中，賦上下。貢羽、旄、齒、革，金三品，杶、榦、栝、柏，礪、砥、砮、丹，維箘簬、楛，三國致貢其名，包匭菁茅，其篚玄纁璣組，九江入賜大龜,當帝堯之時
空間,荊州,江:沱:涔:漢,浮于-L,荊及衡陽維荊州：江、漢朝宗于海。九江甚中，沱、涔已道，雲土、夢為治。其土塗泥。田下中，賦上下。貢羽、旄、齒、革，金三品，杶、榦、栝、柏，礪、砥、砮、丹，維箘簬、楛，三國致貢其名，包匭菁茅，其篚玄纁璣組，九江入賜大龜。浮于江、沱、涔、（于）漢,當帝堯之時
空間,荊州,雒,踰于-L,荊及衡陽維荊州：江、漢朝宗于海。九江甚中，沱、涔已道，雲土、夢為治。其土塗泥。田下中，賦上下。貢羽、旄、齒、革，金三品，杶、榦、栝、柏，礪、砥、砮、丹，維箘簬、楛，三國致貢其名，包匭菁茅，其篚玄纁璣組，九江入賜大龜。浮于江、沱、涔、（于）漢，踰于雒,當帝堯之時
空間,荊州,南河,至于-L,荊及衡陽維荊州：江、漢朝宗于海。九江甚中，沱、涔已道，雲土、夢為治。其土塗泥。田下中，賦上下。貢羽、旄、齒、革，金三品，杶、榦、栝、柏，礪、砥、砮、丹，維箘簬、楛，三國致貢其名，包匭菁茅，其篚玄纁璣組，九江入賜大龜。浮于江、沱、涔、（于）漢，踰于雒，至于南河,當帝堯之時
動作,荊河,豫州,惟-L,荊河惟豫州,當帝堯之時
空間,伊:雒:瀍:澗,河,入于-L,荊河惟豫州：伊、雒、瀍、澗既入于河，滎播既都，道荷澤，被明都。,當帝堯之時
遞進,伊:雒:瀍:澗入于河,滎播都,，-N,荊河惟豫州：伊、雒、瀍、澗既入于河，滎播既都，,當帝堯之時
政治,禹,滎播,都-L,禹行自冀州始。冀州：既載壺口，治梁及岐。既脩太原，至于嶽陽。覃懷致功，至於衡漳。其土白壤。賦上上錯，田中中，常、衞既從，大陸既為。鳥夷皮服。夾右碣石，入于海。濟、河維沇州：九河既道，雷夏既澤，雍、沮會同，桑土既蠶，於是民得下丘居土。其土黑墳，草繇木條。田中下，賦貞，作十有三年乃同。其貢漆絲，其篚織文。浮於濟、漯，通於河。海岱維青州：堣夷既略，濰、淄其道。其土白墳，海濱廣潟，厥田斥鹵。田上下，賦中上。厥貢鹽絺，海物維錯，岱畎絲、枲、鉛、松、怪石，萊夷為牧，其篚酓絲。浮於汶，通於濟。海岱及淮維徐州：淮、沂其治，蒙、羽其蓺。大野既都，東原厎平。其土赤埴墳，草木漸包。其田上中，賦中中。貢維土五色，羽畎夏狄，嶧陽孤桐，泗濱浮磬，淮夷蠙珠臮魚，其篚玄纖縞。浮于淮、泗，通于河。淮海維揚州：彭蠡既都，陽鳥所居。三江既入，震澤致定。竹箭既布。其草惟夭，其木惟喬，其土塗泥。田下下，賦下上上雜。貢金三品，瑤、琨、竹箭，齒、革、羽、旄，島夷卉服，其篚織貝，其包橘、柚錫貢。均江海，通淮、泗。荊及衡陽維荊州：江、漢朝宗于海。九江甚中，沱、涔已道，雲土、夢為治。其土塗泥。田下中，賦上下。貢羽、旄、齒、革，金三品，杶、榦、栝、柏，礪、砥、砮、丹，維箘簬、楛，三國致貢其名，包匭菁茅，其篚玄纁璣組，九江入賜大龜。浮于江、沱、涔、（于）漢，踰于雒，至于南河。荊河惟豫州：伊、雒、瀍、澗既入于河，滎播既都,當帝堯之時
遞進,禹都滎播,禹道荷澤,，-N,禹行自冀州始。冀州：既載壺口，治梁及岐。既脩太原，至于嶽陽。覃懷致功，至於衡漳。其土白壤。賦上上錯，田中中，常、衞既從，大陸既為。鳥夷皮服。夾右碣石，入于海。濟、河維沇州：九河既道，雷夏既澤，雍、沮會同，桑土既蠶，於是民得下丘居土。其土黑墳，草繇木條。田中下，賦貞，作十有三年乃同。其貢漆絲，其篚織文。浮於濟、漯，通於河。海岱維青州：堣夷既略，濰、淄其道。其土白墳，海濱廣潟，厥田斥鹵。田上下，賦中上。厥貢鹽絺，海物維錯，岱畎絲、枲、鉛、松、怪石，萊夷為牧，其篚酓絲。浮於汶，通於濟。海岱及淮維徐州：淮、沂其治，蒙、羽其蓺。大野既都，東原厎平。其土赤埴墳，草木漸包。其田上中，賦中中。貢維土五色，羽畎夏狄，嶧陽孤桐，泗濱浮磬，淮夷蠙珠臮魚，其篚玄纖縞。浮于淮、泗，通于河。淮海維揚州：彭蠡既都，陽鳥所居。三江既入，震澤致定。竹箭既布。其草惟夭，其木惟喬，其土塗泥。田下下，賦下上上雜。貢金三品，瑤、琨、竹箭，齒、革、羽、旄，島夷卉服，其篚織貝，其包橘、柚錫貢。均江海，通淮、泗。荊及衡陽維荊州：江、漢朝宗于海。九江甚中，沱、涔已道，雲土、夢為治。其土塗泥。田下中，賦上下。貢羽、旄、齒、革，金三品，杶、榦、栝、柏，礪、砥、砮、丹，維箘簬、楛，三國致貢其名，包匭菁茅，其篚玄纁璣組，九江入賜大龜。浮于江、沱、涔、（于）漢，踰于雒，至于南河。荊河惟豫州：伊、雒、瀍、澗既入于河，滎播既都，道荷澤,當帝堯之時
空間,禹,荷澤,道-L,禹行自冀州始。冀州：既載壺口，治梁及岐。既脩太原，至于嶽陽。覃懷致功，至於衡漳。其土白壤。賦上上錯，田中中，常、衞既從，大陸既為。鳥夷皮服。夾右碣石，入于海。濟、河維沇州：九河既道，雷夏既澤，雍、沮會同，桑土既蠶，於是民得下丘居土。其土黑墳，草繇木條。田中下，賦貞，作十有三年乃同。其貢漆絲，其篚織文。浮於濟、漯，通於河。海岱維青州：堣夷既略，濰、淄其道。其土白墳，海濱廣潟，厥田斥鹵。田上下，賦中上。厥貢鹽絺，海物維錯，岱畎絲、枲、鉛、松、怪石，萊夷為牧，其篚酓絲。浮於汶，通於濟。海岱及淮維徐州：淮、沂其治，蒙、羽其蓺。大野既都，東原厎平。其土赤埴墳，草木漸包。其田上中，賦中中。貢維土五色，羽畎夏狄，嶧陽孤桐，泗濱浮磬，淮夷蠙珠臮魚，其篚玄纖縞。浮于淮、泗，通于河。淮海維揚州：彭蠡既都，陽鳥所居。三江既入，震澤致定。竹箭既布。其草惟夭，其木惟喬，其土塗泥。田下下，賦下上上雜。貢金三品，瑤、琨、竹箭，齒、革、羽、旄，島夷卉服，其篚織貝，其包橘、柚錫貢。均江海，通淮、泗。荊及衡陽維荊州：江、漢朝宗于海。九江甚中，沱、涔已道，雲土、夢為治。其土塗泥。田下中，賦上下。貢羽、旄、齒、革，金三品，杶、榦、栝、柏，礪、砥、砮、丹，維箘簬、楛，三國致貢其名，包匭菁茅，其篚玄纁璣組，九江入賜大龜。浮于江、沱、涔、（于）漢，踰于雒，至于南河。荊河惟豫州：伊、雒、瀍、澗既入于河，滎播既都，道荷澤,當帝堯之時
遞進,禹道荷澤,禹被明都,，-N,禹行自冀州始。冀州：既載壺口，治梁及岐。既脩太原，至于嶽陽。覃懷致功，至於衡漳。其土白壤。賦上上錯，田中中，常、衞既從，大陸既為。鳥夷皮服。夾右碣石，入于海。濟、河維沇州：九河既道，雷夏既澤，雍、沮會同，桑土既蠶，於是民得下丘居土。其土黑墳，草繇木條。田中下，賦貞，作十有三年乃同。其貢漆絲，其篚織文。浮於濟、漯，通於河。海岱維青州：堣夷既略，濰、淄其道。其土白墳，海濱廣潟，厥田斥鹵。田上下，賦中上。厥貢鹽絺，海物維錯，岱畎絲、枲、鉛、松、怪石，萊夷為牧，其篚酓絲。浮於汶，通於濟。海岱及淮維徐州：淮、沂其治，蒙、羽其蓺。大野既都，東原厎平。其土赤埴墳，草木漸包。其田上中，賦中中。貢維土五色，羽畎夏狄，嶧陽孤桐，泗濱浮磬，淮夷蠙珠臮魚，其篚玄纖縞。浮于淮、泗，通于河。淮海維揚州：彭蠡既都，陽鳥所居。三江既入，震澤致定。竹箭既布。其草惟夭，其木惟喬，其土塗泥。田下下，賦下上上雜。貢金三品，瑤、琨、竹箭，齒、革、羽、旄，島夷卉服，其篚織貝，其包橘、柚錫貢。均江海，通淮、泗。荊及衡陽維荊州：江、漢朝宗于海。九江甚中，沱、涔已道，雲土、夢為治。其土塗泥。田下中，賦上下。貢羽、旄、齒、革，金三品，杶、榦、栝、柏，礪、砥、砮、丹，維箘簬、楛，三國致貢其名，包匭菁茅，其篚玄纁璣組，九江入賜大龜。浮于江、沱、涔、（于）漢，踰于雒，至于南河。荊河惟豫州：伊、雒、瀍、澗既入于河，滎播既都，道荷澤，被明都,當帝堯之時
空間,禹,明都,被-L,禹行自冀州始。冀州：既載壺口，治梁及岐。既脩太原，至于嶽陽。覃懷致功，至於衡漳。其土白壤。賦上上錯，田中中，常、衞既從，大陸既為。鳥夷皮服。夾右碣石，入于海。濟、河維沇州：九河既道，雷夏既澤，雍、沮會同，桑土既蠶，於是民得下丘居土。其土黑墳，草繇木條。田中下，賦貞，作十有三年乃同。其貢漆絲，其篚織文。浮於濟、漯，通於河。海岱維青州：堣夷既略，濰、淄其道。其土白墳，海濱廣潟，厥田斥鹵。田上下，賦中上。厥貢鹽絺，海物維錯，岱畎絲、枲、鉛、松、怪石，萊夷為牧，其篚酓絲。浮於汶，通於濟。海岱及淮維徐州：淮、沂其治，蒙、羽其蓺。大野既都，東原厎平。其土赤埴墳，草木漸包。其田上中，賦中中。貢維土五色，羽畎夏狄，嶧陽孤桐，泗濱浮磬，淮夷蠙珠臮魚，其篚玄纖縞。浮于淮、泗，通于河。淮海維揚州：彭蠡既都，陽鳥所居。三江既入，震澤致定。竹箭既布。其草惟夭，其木惟喬，其土塗泥。田下下，賦下上上雜。貢金三品，瑤、琨、竹箭，齒、革、羽、旄，島夷卉服，其篚織貝，其包橘、柚錫貢。均江海，通淮、泗。荊及衡陽維荊州：江、漢朝宗于海。九江甚中，沱、涔已道，雲土、夢為治。其土塗泥。田下中，賦上下。貢羽、旄、齒、革，金三品，杶、榦、栝、柏，礪、砥、砮、丹，維箘簬、楛，三國致貢其名，包匭菁茅，其篚玄纁璣組，九江入賜大龜。浮于江、沱、涔、（于）漢，踰于雒，至于南河。荊河惟豫州：伊、雒、瀍、澗既入于河，滎播既都，道荷澤，被明都,當帝堯之時
屬性,豫州,土壤:下土墳壚:田中上:賦雜上中,其,荊河惟豫州：伊、雒、瀍、澗既入于河，滎播既都，道荷澤，被明都。其土壤，下土墳壚。田中上，賦雜上中,當帝堯之時
政治,豫州,漆:絲:絺:紵,貢,荊河惟豫州：伊、雒、瀍、澗既入于河，滎播既都，道荷澤，被明都。其土壤，下土墳壚。田中上，賦雜上中。貢漆、絲、絺、紵，其篚纖絮，錫貢磬錯,當帝堯之時
遞進,豫州貢漆:絲:絺:紵,,，-N,荊河惟豫州：伊、雒、瀍、澗既入于河，滎播既都，道荷澤，被明都。其土壤，下土墳壚。田中上，賦雜上中。貢漆、絲、絺、紵，其篚纖絮，錫貢磬錯。,當帝堯之時
政治,豫州,漆:絲:絺:紵,貢,荊河惟豫州：伊、雒、瀍、澗既入于河，滎播既都，道荷澤，被明都。其土壤，下土墳壚。田中上，賦雜上中。貢漆、絲、絺、紵，其篚纖絮，錫貢磬錯。,當帝堯之時
屬性,豫州,篚纖絮:錫貢磬錯,其,荊河惟豫州：伊、雒、瀍、澗既入于河，滎播既都，道荷澤，被明都。其土壤，下土墳壚。田中上，賦雜上中。貢漆、絲、絺、紵，其篚纖絮，錫貢磬錯。,當帝堯之時
空間,豫州,雒,浮於-L,荊河惟豫州：伊、雒、瀍、澗既入于河，滎播既都，道荷澤，被明都。其土壤，下土墳壚。田中上，賦雜上中。貢漆、絲、絺、紵，其篚纖絮，錫貢磬錯。浮於雒,當帝堯之時
空間,豫州,河,達於-L,荊河惟豫州：伊、雒、瀍、澗既入于河，滎播既都，道荷澤，被明都。其土壤，下土墳壚。田中上，賦雜上中。貢漆、絲、絺、紵，其篚纖絮，錫貢磬錯。浮於雒，達於河,當帝堯之時
動作,華陽:黑水,梁州,惟-L,華陽黑水惟梁州,當帝堯之時
動作,禹,汶:嶓,蓺-L,禹行自冀州始。冀州：既載壺口，治梁及岐。既脩太原，至于嶽陽。覃懷致功，至於衡漳。其土白壤。賦上上錯，田中中，常、衞既從，大陸既為。鳥夷皮服。夾右碣石，入于海。濟、河維沇州：九河既道，雷夏既澤，雍、沮會同，桑土既蠶，於是民得下丘居土。其土黑墳，草繇木條。田中下，賦貞，作十有三年乃同。其貢漆絲，其篚織文。浮於濟、漯，通於河。海岱維青州：堣夷既略，濰、淄其道。其土白墳，海濱廣潟，厥田斥鹵。田上下，賦中上。厥貢鹽絺，海物維錯，岱畎絲、枲、鉛、松、怪石，萊夷為牧，其篚酓絲。浮於汶，通於濟。海岱及淮維徐州：淮、沂其治，蒙、羽其蓺。大野既都，東原厎平。其土赤埴墳，草木漸包。其田上中，賦中中。貢維土五色，羽畎夏狄，嶧陽孤桐，泗濱浮磬，淮夷蠙珠臮魚，其篚玄纖縞。浮于淮、泗，通于河。淮海維揚州：彭蠡既都，陽鳥所居。三江既入，震澤致定。竹箭既布。其草惟夭，其木惟喬，其土塗泥。田下下，賦下上上雜。貢金三品，瑤、琨、竹箭，齒、革、羽、旄，島夷卉服，其篚織貝，其包橘、柚錫貢。均江海，通淮、泗。荊及衡陽維荊州：江、漢朝宗于海。九江甚中，沱、涔已道，雲土、夢為治。其土塗泥。田下中，賦上下。貢羽、旄、齒、革，金三品，杶、榦、栝、柏，礪、砥、砮、丹，維箘簬、楛，三國致貢其名，包匭菁茅，其篚玄纁璣組，九江入賜大龜。浮于江、沱、涔、（于）漢，踰于雒，至于南河。荊河惟豫州：伊、雒、瀍、澗既入于河，滎播既都，道荷澤，被明都。其土壤，下土墳壚。田中上，賦雜上中。貢漆、絲、絺、紵，其篚纖絮，錫貢磬錯。浮於雒，達於河。華陽黑水惟梁州：汶、嶓既蓺,當帝堯之時
遞進,禹蓺汶:嶓,禹道沱:涔,，-N,禹行自冀州始。冀州：既載壺口，治梁及岐。既脩太原，至于嶽陽。覃懷致功，至於衡漳。其土白壤。賦上上錯，田中中，常、衞既從，大陸既為。鳥夷皮服。夾右碣石，入于海。濟、河維沇州：九河既道，雷夏既澤，雍、沮會同，桑土既蠶，於是民得下丘居土。其土黑墳，草繇木條。田中下，賦貞，作十有三年乃同。其貢漆絲，其篚織文。浮於濟、漯，通於河。海岱維青州：堣夷既略，濰、淄其道。其土白墳，海濱廣潟，厥田斥鹵。田上下，賦中上。厥貢鹽絺，海物維錯，岱畎絲、枲、鉛、松、怪石，萊夷為牧，其篚酓絲。浮於汶，通於濟。海岱及淮維徐州：淮、沂其治，蒙、羽其蓺。大野既都，東原厎平。其土赤埴墳，草木漸包。其田上中，賦中中。貢維土五色，羽畎夏狄，嶧陽孤桐，泗濱浮磬，淮夷蠙珠臮魚，其篚玄纖縞。浮于淮、泗，通于河。淮海維揚州：彭蠡既都，陽鳥所居。三江既入，震澤致定。竹箭既布。其草惟夭，其木惟喬，其土塗泥。田下下，賦下上上雜。貢金三品，瑤、琨、竹箭，齒、革、羽、旄，島夷卉服，其篚織貝，其包橘、柚錫貢。均江海，通淮、泗。荊及衡陽維荊州：江、漢朝宗于海。九江甚中，沱、涔已道，雲土、夢為治。其土塗泥。田下中，賦上下。貢羽、旄、齒、革，金三品，杶、榦、栝、柏，礪、砥、砮、丹，維箘簬、楛，三國致貢其名，包匭菁茅，其篚玄纁璣組，九江入賜大龜。浮于江、沱、涔、（于）漢，踰于雒，至于南河。荊河惟豫州：伊、雒、瀍、澗既入于河，滎播既都，道荷澤，被明都。其土壤，下土墳壚。田中上，賦雜上中。貢漆、絲、絺、紵，其篚纖絮，錫貢磬錯。浮於雒，達於河。華陽黑水惟梁州：汶、嶓既蓺，沱、涔既道,當帝堯之時
動作,禹,沱:涔,道-L,禹行自冀州始。冀州：既載壺口，治梁及岐。既脩太原，至于嶽陽。覃懷致功，至於衡漳。其土白壤。賦上上錯，田中中，常、衞既從，大陸既為。鳥夷皮服。夾右碣石，入于海。濟、河維沇州：九河既道，雷夏既澤，雍、沮會同，桑土既蠶，於是民得下丘居土。其土黑墳，草繇木條。田中下，賦貞，作十有三年乃同。其貢漆絲，其篚織文。浮於濟、漯，通於河。海岱維青州：堣夷既略，濰、淄其道。其土白墳，海濱廣潟，厥田斥鹵。田上下，賦中上。厥貢鹽絺，海物維錯，岱畎絲、枲、鉛、松、怪石，萊夷為牧，其篚酓絲。浮於汶，通於濟。海岱及淮維徐州：淮、沂其治，蒙、羽其蓺。大野既都，東原厎平。其土赤埴墳，草木漸包。其田上中，賦中中。貢維土五色，羽畎夏狄，嶧陽孤桐，泗濱浮磬，淮夷蠙珠臮魚，其篚玄纖縞。浮于淮、泗，通于河。淮海維揚州：彭蠡既都，陽鳥所居。三江既入，震澤致定。竹箭既布。其草惟夭，其木惟喬，其土塗泥。田下下，賦下上上雜。貢金三品，瑤、琨、竹箭，齒、革、羽、旄，島夷卉服，其篚織貝，其包橘、柚錫貢。均江海，通淮、泗。荊及衡陽維荊州：江、漢朝宗于海。九江甚中，沱、涔已道，雲土、夢為治。其土塗泥。田下中，賦上下。貢羽、旄、齒、革，金三品，杶、榦、栝、柏，礪、砥、砮、丹，維箘簬、楛，三國致貢其名，包匭菁茅，其篚玄纁璣組，九江入賜大龜。浮于江、沱、涔、（于）漢，踰于雒，至于南河。荊河惟豫州：伊、雒、瀍、澗既入于河，滎播既都，道荷澤，被明都。其土壤，下土墳壚。田中上，賦雜上中。貢漆、絲、絺、紵，其篚纖絮，錫貢磬錯。浮於雒，達於河。華陽黑水惟梁州：汶、嶓既蓺，沱、涔既道,當帝堯之時
遞進,禹道沱:涔,禹平蔡:蒙,，-N,禹行自冀州始。冀州：既載壺口，治梁及岐。既脩太原，至于嶽陽。覃懷致功，至於衡漳。其土白壤。賦上上錯，田中中，常、衞既從，大陸既為。鳥夷皮服。夾右碣石，入于海。濟、河維沇州：九河既道，雷夏既澤，雍、沮會同，桑土既蠶，於是民得下丘居土。其土黑墳，草繇木條。田中下，賦貞，作十有三年乃同。其貢漆絲，其篚織文。浮於濟、漯，通於河。海岱維青州：堣夷既略，濰、淄其道。其土白墳，海濱廣潟，厥田斥鹵。田上下，賦中上。厥貢鹽絺，海物維錯，岱畎絲、枲、鉛、松、怪石，萊夷為牧，其篚酓絲。浮於汶，通於濟。海岱及淮維徐州：淮、沂其治，蒙、羽其蓺。大野既都，東原厎平。其土赤埴墳，草木漸包。其田上中，賦中中。貢維土五色，羽畎夏狄，嶧陽孤桐，泗濱浮磬，淮夷蠙珠臮魚，其篚玄纖縞。浮于淮、泗，通于河。淮海維揚州：彭蠡既都，陽鳥所居。三江既入，震澤致定。竹箭既布。其草惟夭，其木惟喬，其土塗泥。田下下，賦下上上雜。貢金三品，瑤、琨、竹箭，齒、革、羽、旄，島夷卉服，其篚織貝，其包橘、柚錫貢。均江海，通淮、泗。荊及衡陽維荊州：江、漢朝宗于海。九江甚中，沱、涔已道，雲土、夢為治。其土塗泥。田下中，賦上下。貢羽、旄、齒、革，金三品，杶、榦、栝、柏，礪、砥、砮、丹，維箘簬、楛，三國致貢其名，包匭菁茅，其篚玄纁璣組，九江入賜大龜。浮于江、沱、涔、（于）漢，踰于雒，至于南河。荊河惟豫州：伊、雒、瀍、澗既入于河，滎播既都，道荷澤，被明都。其土壤，下土墳壚。田中上，賦雜上中。貢漆、絲、絺、紵，其篚纖絮，錫貢磬錯。浮於雒，達於河。華陽黑水惟梁州：汶、嶓既蓺，沱、涔既道，蔡、蒙旅平,當帝堯之時
政治,禹,蔡:蒙,平-L,禹行自冀州始。冀州：既載壺口，治梁及岐。既脩太原，至于嶽陽。覃懷致功，至於衡漳。其土白壤。賦上上錯，田中中，常、衞既從，大陸既為。鳥夷皮服。夾右碣石，入于海。濟、河維沇州：九河既道，雷夏既澤，雍、沮會同，桑土既蠶，於是民得下丘居土。其土黑墳，草繇木條。田中下，賦貞，作十有三年乃同。其貢漆絲，其篚織文。浮於濟、漯，通於河。海岱維青州：堣夷既略，濰、淄其道。其土白墳，海濱廣潟，厥田斥鹵。田上下，賦中上。厥貢鹽絺，海物維錯，岱畎絲、枲、鉛、松、怪石，萊夷為牧，其篚酓絲。浮於汶，通於濟。海岱及淮維徐州：淮、沂其治，蒙、羽其蓺。大野既都，東原厎平。其土赤埴墳，草木漸包。其田上中，賦中中。貢維土五色，羽畎夏狄，嶧陽孤桐，泗濱浮磬，淮夷蠙珠臮魚，其篚玄纖縞。浮于淮、泗，通于河。淮海維揚州：彭蠡既都，陽鳥所居。三江既入，震澤致定。竹箭既布。其草惟夭，其木惟喬，其土塗泥。田下下，賦下上上雜。貢金三品，瑤、琨、竹箭，齒、革、羽、旄，島夷卉服，其篚織貝，其包橘、柚錫貢。均江海，通淮、泗。荊及衡陽維荊州：江、漢朝宗于海。九江甚中，沱、涔已道，雲土、夢為治。其土塗泥。田下中，賦上下。貢羽、旄、齒、革，金三品，杶、榦、栝、柏，礪、砥、砮、丹，維箘簬、楛，三國致貢其名，包匭菁茅，其篚玄纁璣組，九江入賜大龜。浮于江、沱、涔、（于）漢，踰于雒，至于南河。荊河惟豫州：伊、雒、瀍、澗既入于河，滎播既都，道荷澤，被明都。其土壤，下土墳壚。田中上，賦雜上中。貢漆、絲、絺、紵，其篚纖絮，錫貢磬錯。浮於雒，達於河。華陽黑水惟梁州：汶、嶓既蓺，沱、涔既道，蔡、蒙旅平,當帝堯之時
遞進,禹平蔡:蒙,禹厎績和夷,，-N,禹行自冀州始。冀州：既載壺口，治梁及岐。既脩太原，至于嶽陽。覃懷致功，至於衡漳。其土白壤。賦上上錯，田中中，常、衞既從，大陸既為。鳥夷皮服。夾右碣石，入于海。濟、河維沇州：九河既道，雷夏既澤，雍、沮會同，桑土既蠶，於是民得下丘居土。其土黑墳，草繇木條。田中下，賦貞，作十有三年乃同。其貢漆絲，其篚織文。浮於濟、漯，通於河。海岱維青州：堣夷既略，濰、淄其道。其土白墳，海濱廣潟，厥田斥鹵。田上下，賦中上。厥貢鹽絺，海物維錯，岱畎絲、枲、鉛、松、怪石，萊夷為牧，其篚酓絲。浮於汶，通於濟。海岱及淮維徐州：淮、沂其治，蒙、羽其蓺。大野既都，東原厎平。其土赤埴墳，草木漸包。其田上中，賦中中。貢維土五色，羽畎夏狄，嶧陽孤桐，泗濱浮磬，淮夷蠙珠臮魚，其篚玄纖縞。浮于淮、泗，通于河。淮海維揚州：彭蠡既都，陽鳥所居。三江既入，震澤致定。竹箭既布。其草惟夭，其木惟喬，其土塗泥。田下下，賦下上上雜。貢金三品，瑤、琨、竹箭，齒、革、羽、旄，島夷卉服，其篚織貝，其包橘、柚錫貢。均江海，通淮、泗。荊及衡陽維荊州：江、漢朝宗于海。九江甚中，沱、涔已道，雲土、夢為治。其土塗泥。田下中，賦上下。貢羽、旄、齒、革，金三品，杶、榦、栝、柏，礪、砥、砮、丹，維箘簬、楛，三國致貢其名，包匭菁茅，其篚玄纁璣組，九江入賜大龜。浮于江、沱、涔、（于）漢，踰于雒，至于南河。荊河惟豫州：伊、雒、瀍、澗既入于河，滎播既都，道荷澤，被明都。其土壤，下土墳壚。田中上，賦雜上中。貢漆、絲、絺、紵，其篚纖絮，錫貢磬錯。浮於雒，達於河。華陽黑水惟梁州：汶、嶓既蓺，沱、涔既道，蔡、蒙旅平，和夷厎績,當帝堯之時
政治,禹,和夷,厎績-L,禹行自冀州始。冀州：既載壺口，治梁及岐。既脩太原，至于嶽陽。覃懷致功，至於衡漳。其土白壤。賦上上錯，田中中，常、衞既從，大陸既為。鳥夷皮服。夾右碣石，入于海。濟、河維沇州：九河既道，雷夏既澤，雍、沮會同，桑土既蠶，於是民得下丘居土。其土黑墳，草繇木條。田中下，賦貞，作十有三年乃同。其貢漆絲，其篚織文。浮於濟、漯，通於河。海岱維青州：堣夷既略，濰、淄其道。其土白墳，海濱廣潟，厥田斥鹵。田上下，賦中上。厥貢鹽絺，海物維錯，岱畎絲、枲、鉛、松、怪石，萊夷為牧，其篚酓絲。浮於汶，通於濟。海岱及淮維徐州：淮、沂其治，蒙、羽其蓺。大野既都，東原厎平。其土赤埴墳，草木漸包。其田上中，賦中中。貢維土五色，羽畎夏狄，嶧陽孤桐，泗濱浮磬，淮夷蠙珠臮魚，其篚玄纖縞。浮于淮、泗，通于河。淮海維揚州：彭蠡既都，陽鳥所居。三江既入，震澤致定。竹箭既布。其草惟夭，其木惟喬，其土塗泥。田下下，賦下上上雜。貢金三品，瑤、琨、竹箭，齒、革、羽、旄，島夷卉服，其篚織貝，其包橘、柚錫貢。均江海，通淮、泗。荊及衡陽維荊州：江、漢朝宗于海。九江甚中，沱、涔已道，雲土、夢為治。其土塗泥。田下中，賦上下。貢羽、旄、齒、革，金三品，杶、榦、栝、柏，礪、砥、砮、丹，維箘簬、楛，三國致貢其名，包匭菁茅，其篚玄纁璣組，九江入賜大龜。浮于江、沱、涔、（于）漢，踰于雒，至于南河。荊河惟豫州：伊、雒、瀍、澗既入于河，滎播既都，道荷澤，被明都。其土壤，下土墳壚。田中上，賦雜上中。貢漆、絲、絺、紵，其篚纖絮，錫貢磬錯。浮於雒，達於河。華陽黑水惟梁州：汶、嶓既蓺，沱、涔既道，蔡、蒙旅平，和夷厎績,當帝堯之時
屬性,梁州,土青驪:田下上:賦下中三錯,其,華陽黑水惟梁州：汶、嶓既蓺，沱、涔既道，蔡、蒙旅平，和夷厎績。其土青驪。田下上，賦下中三錯,當帝堯之時
政治,梁州,璆:鐵:銀:鏤:砮:磬:熊:羆:狐:貍:織皮,貢,華陽黑水惟梁州：汶、嶓既蓺，沱、涔既道，蔡、蒙旅平，和夷厎績。其土青驪。田下上，賦下中三錯。貢璆、鐵、銀、鏤、砮、磬，熊、羆、狐、貍、織皮,當帝堯之時
空間,西傾,,來,華陽黑水惟梁州：汶、嶓既蓺，沱、涔既道，蔡、蒙旅平，和夷厎績。其土青驪。田下上，賦下中三錯。貢璆、鐵、銀、鏤、砮、磬，熊、羆、狐、貍、織皮。西傾因桓是來,當帝堯之時
事件屬性,西傾來,桓,因-L,華陽黑水惟梁州：汶、嶓既蓺，沱、涔既道，蔡、蒙旅平，和夷厎績。其土青驪。田下上，賦下中三錯。貢璆、鐵、銀、鏤、砮、磬，熊、羆、狐、貍、織皮。西傾因桓是來,當帝堯之時
空間,梁州,潛,浮于-L,華陽黑水惟梁州：汶、嶓既蓺，沱、涔既道，蔡、蒙旅平，和夷厎績。其土青驪。田下上，賦下中三錯。貢璆、鐵、銀、鏤、砮、磬，熊、羆、狐、貍、織皮。西傾因桓是來，浮于潛,當帝堯之時
空間,梁州,沔,踰于-L,華陽黑水惟梁州：汶、嶓既蓺，沱、涔既道，蔡、蒙旅平，和夷厎績。其土青驪。田下上，賦下中三錯。貢璆、鐵、銀、鏤、砮、磬，熊、羆、狐、貍、織皮。西傾因桓是來，浮于潛，踰于沔,當帝堯之時
空間,梁州,渭,入于-L,華陽黑水惟梁州：汶、嶓既蓺，沱、涔既道，蔡、蒙旅平，和夷厎績。其土青驪。田下上，賦下中三錯。貢璆、鐵、銀、鏤、砮、磬，熊、羆、狐、貍、織皮。西傾因桓是來，浮于潛，踰于沔，入于渭,當帝堯之時
空間,梁州,河,亂于-L,華陽黑水惟梁州：汶、嶓既蓺，沱、涔既道，蔡、蒙旅平，和夷厎績。其土青驪。田下上，賦下中三錯。貢璆、鐵、銀、鏤、砮、磬，熊、羆、狐、貍、織皮。西傾因桓是來，浮于潛，踰于沔，入于渭，亂于河,當帝堯之時
動作,黑水:西河,雍州,惟-L,黑水西河惟雍州,當帝堯之時
空間,禹,弱水,西,禹行自冀州始。冀州：既載壺口，治梁及岐。既脩太原，至于嶽陽。覃懷致功，至於衡漳。其土白壤。賦上上錯，田中中，常、衞既從，大陸既為。鳥夷皮服。夾右碣石，入于海。濟、河維沇州：九河既道，雷夏既澤，雍、沮會同，桑土既蠶，於是民得下丘居土。其土黑墳，草繇木條。田中下，賦貞，作十有三年乃同。其貢漆絲，其篚織文。浮於濟、漯，通於河。海岱維青州：堣夷既略，濰、淄其道。其土白墳，海濱廣潟，厥田斥鹵。田上下，賦中上。厥貢鹽絺，海物維錯，岱畎絲、枲、鉛、松、怪石，萊夷為牧，其篚酓絲。浮於汶，通於濟。海岱及淮維徐州：淮、沂其治，蒙、羽其蓺。大野既都，東原厎平。其土赤埴墳，草木漸包。其田上中，賦中中。貢維土五色，羽畎夏狄，嶧陽孤桐，泗濱浮磬，淮夷蠙珠臮魚，其篚玄纖縞。浮于淮、泗，通于河。淮海維揚州：彭蠡既都，陽鳥所居。三江既入，震澤致定。竹箭既布。其草惟夭，其木惟喬，其土塗泥。田下下，賦下上上雜。貢金三品，瑤、琨、竹箭，齒、革、羽、旄，島夷卉服，其篚織貝，其包橘、柚錫貢。均江海，通淮、泗。荊及衡陽維荊州：江、漢朝宗于海。九江甚中，沱、涔已道，雲土、夢為治。其土塗泥。田下中，賦上下。貢羽、旄、齒、革，金三品，杶、榦、栝、柏，礪、砥、砮、丹，維箘簬、楛，三國致貢其名，包匭菁茅，其篚玄纁璣組，九江入賜大龜。浮于江、沱、涔、（于）漢，踰于雒，至于南河。荊河惟豫州：伊、雒、瀍、澗既入于河，滎播既都，道荷澤，被明都。其土壤，下土墳壚。田中上，賦雜上中。貢漆、絲、絺、紵，其篚纖絮，錫貢磬錯。浮於雒，達於河。華陽黑水惟梁州：汶、嶓既蓺，沱、涔既道，蔡、蒙旅平，和夷厎績。其土青驪。田下上，賦下中三錯。貢璆、鐵、銀、鏤、砮、磬，熊、羆、狐、貍、織皮。西傾因桓是來，浮于潛，踰于沔，入于渭，亂于河。黑水西河惟雍州：弱水既西,當帝堯之時
遞進,禹西弱水,涇屬渭汭,，-N,弱水既西，涇屬渭汭,當帝堯之時
空間,涇,渭汭,屬-L,黑水西河惟雍州：弱水既西，涇屬渭汭,當帝堯之時
遞進,涇屬渭汭,漆:沮從渭汭,。-N,黑水西河惟雍州：弱水既西，涇屬渭汭。漆、沮既從,當帝堯之時
動作,漆:沮,渭汭,從-L,黑水西河惟雍州：弱水既西，涇屬渭汭。漆、沮既從,當帝堯之時
遞進,漆:沮從渭汭,灃水同渭汭,，-N,黑水西河惟雍州：弱水既西，涇屬渭汭。漆、沮既從，灃水所同,當帝堯之時
動作,灃水,渭汭,同-L,黑水西河惟雍州：弱水既西，涇屬渭汭。漆、沮既從，灃水所同,當帝堯之時
遞進,灃水同渭汭,禹旅荊:岐:終南:敦物,。-N,黑水西河惟雍州：弱水既西，涇屬渭汭。漆、沮既從，灃水所同。荊、岐已旅,當帝堯之時
動作,禹,荊:岐:終南:敦物,旅-L,禹行自冀州始。冀州：既載壺口，治梁及岐。既脩太原，至于嶽陽。覃懷致功，至於衡漳。其土白壤。賦上上錯，田中中，常、衞既從，大陸既為。鳥夷皮服。夾右碣石，入于海。濟、河維沇州：九河既道，雷夏既澤，雍、沮會同，桑土既蠶，於是民得下丘居土。其土黑墳，草繇木條。田中下，賦貞，作十有三年乃同。其貢漆絲，其篚織文。浮於濟、漯，通於河。海岱維青州：堣夷既略，濰、淄其道。其土白墳，海濱廣潟，厥田斥鹵。田上下，賦中上。厥貢鹽絺，海物維錯，岱畎絲、枲、鉛、松、怪石，萊夷為牧，其篚酓絲。浮於汶，通於濟。海岱及淮維徐州：淮、沂其治，蒙、羽其蓺。大野既都，東原厎平。其土赤埴墳，草木漸包。其田上中，賦中中。貢維土五色，羽畎夏狄，嶧陽孤桐，泗濱浮磬，淮夷蠙珠臮魚，其篚玄纖縞。浮于淮、泗，通于河。淮海維揚州：彭蠡既都，陽鳥所居。三江既入，震澤致定。竹箭既布。其草惟夭，其木惟喬，其土塗泥。田下下，賦下上上雜。貢金三品，瑤、琨、竹箭，齒、革、羽、旄，島夷卉服，其篚織貝，其包橘、柚錫貢。均江海，通淮、泗。荊及衡陽維荊州：江、漢朝宗于海。九江甚中，沱、涔已道，雲土、夢為治。其土塗泥。田下中，賦上下。貢羽、旄、齒、革，金三品，杶、榦、栝、柏，礪、砥、砮、丹，維箘簬、楛，三國致貢其名，包匭菁茅，其篚玄纁璣組，九江入賜大龜。浮于江、沱、涔、（于）漢，踰于雒，至于南河。荊河惟豫州：伊、雒、瀍、澗既入于河，滎播既都，道荷澤，被明都。其土壤，下土墳壚。田中上，賦雜上中。貢漆、絲、絺、紵，其篚纖絮，錫貢磬錯。浮於雒，達於河。華陽黑水惟梁州：汶、嶓既蓺，沱、涔既道，蔡、蒙旅平，和夷厎績。其土青驪。田下上，賦下中三錯。貢璆、鐵、銀、鏤、砮、磬，熊、羆、狐、貍、織皮。西傾因桓是來，浮于潛，踰于沔，入于渭，亂于河。黑水西河惟雍州：弱水既西，涇屬渭汭。漆、沮既從，灃水所同。荊、岐已旅,當帝堯之時
遞進,禹旅荊:岐:終南:敦物,禹至于鳥鼠,，-N,禹行自冀州始。冀州：既載壺口，治梁及岐。既脩太原，至于嶽陽。覃懷致功，至於衡漳。其土白壤。賦上上錯，田中中，常、衞既從，大陸既為。鳥夷皮服。夾右碣石，入于海。濟、河維沇州：九河既道，雷夏既澤，雍、沮會同，桑土既蠶，於是民得下丘居土。其土黑墳，草繇木條。田中下，賦貞，作十有三年乃同。其貢漆絲，其篚織文。浮於濟、漯，通於河。海岱維青州：堣夷既略，濰、淄其道。其土白墳，海濱廣潟，厥田斥鹵。田上下，賦中上。厥貢鹽絺，海物維錯，岱畎絲、枲、鉛、松、怪石，萊夷為牧，其篚酓絲。浮於汶，通於濟。海岱及淮維徐州：淮、沂其治，蒙、羽其蓺。大野既都，東原厎平。其土赤埴墳，草木漸包。其田上中，賦中中。貢維土五色，羽畎夏狄，嶧陽孤桐，泗濱浮磬，淮夷蠙珠臮魚，其篚玄纖縞。浮于淮、泗，通于河。淮海維揚州：彭蠡既都，陽鳥所居。三江既入，震澤致定。竹箭既布。其草惟夭，其木惟喬，其土塗泥。田下下，賦下上上雜。貢金三品，瑤、琨、竹箭，齒、革、羽、旄，島夷卉服，其篚織貝，其包橘、柚錫貢。均江海，通淮、泗。荊及衡陽維荊州：江、漢朝宗于海。九江甚中，沱、涔已道，雲土、夢為治。其土塗泥。田下中，賦上下。貢羽、旄、齒、革，金三品，杶、榦、栝、柏，礪、砥、砮、丹，維箘簬、楛，三國致貢其名，包匭菁茅，其篚玄纁璣組，九江入賜大龜。浮于江、沱、涔、（于）漢，踰于雒，至于南河。荊河惟豫州：伊、雒、瀍、澗既入于河，滎播既都，道荷澤，被明都。其土壤，下土墳壚。田中上，賦雜上中。貢漆、絲、絺、紵，其篚纖絮，錫貢磬錯。浮於雒，達於河。華陽黑水惟梁州：汶、嶓既蓺，沱、涔既道，蔡、蒙旅平，和夷厎績。其土青驪。田下上，賦下中三錯。貢璆、鐵、銀、鏤、砮、磬，熊、羆、狐、貍、織皮。西傾因桓是來，浮于潛，踰于沔，入于渭，亂于河。黑水西河惟雍州：弱水既西，涇屬渭汭。漆、沮既從，灃水所同。荊、岐已旅，終南、敦物至于鳥鼠,當帝堯之時
空間,禹,鳥鼠,至于-L,禹行自冀州始。冀州：既載壺口，治梁及岐。既脩太原，至于嶽陽。覃懷致功，至於衡漳。其土白壤。賦上上錯，田中中，常、衞既從，大陸既為。鳥夷皮服。夾右碣石，入于海。濟、河維沇州：九河既道，雷夏既澤，雍、沮會同，桑土既蠶，於是民得下丘居土。其土黑墳，草繇木條。田中下，賦貞，作十有三年乃同。其貢漆絲，其篚織文。浮於濟、漯，通於河。海岱維青州：堣夷既略，濰、淄其道。其土白墳，海濱廣潟，厥田斥鹵。田上下，賦中上。厥貢鹽絺，海物維錯，岱畎絲、枲、鉛、松、怪石，萊夷為牧，其篚酓絲。浮於汶，通於濟。海岱及淮維徐州：淮、沂其治，蒙、羽其蓺。大野既都，東原厎平。其土赤埴墳，草木漸包。其田上中，賦中中。貢維土五色，羽畎夏狄，嶧陽孤桐，泗濱浮磬，淮夷蠙珠臮魚，其篚玄纖縞。浮于淮、泗，通于河。淮海維揚州：彭蠡既都，陽鳥所居。三江既入，震澤致定。竹箭既布。其草惟夭，其木惟喬，其土塗泥。田下下，賦下上上雜。貢金三品，瑤、琨、竹箭，齒、革、羽、旄，島夷卉服，其篚織貝，其包橘、柚錫貢。均江海，通淮、泗。荊及衡陽維荊州：江、漢朝宗于海。九江甚中，沱、涔已道，雲土、夢為治。其土塗泥。田下中，賦上下。貢羽、旄、齒、革，金三品，杶、榦、栝、柏，礪、砥、砮、丹，維箘簬、楛，三國致貢其名，包匭菁茅，其篚玄纁璣組，九江入賜大龜。浮于江、沱、涔、（于）漢，踰于雒，至于南河。荊河惟豫州：伊、雒、瀍、澗既入于河，滎播既都，道荷澤，被明都。其土壤，下土墳壚。田中上，賦雜上中。貢漆、絲、絺、紵，其篚纖絮，錫貢磬錯。浮於雒，達於河。華陽黑水惟梁州：汶、嶓既蓺，沱、涔既道，蔡、蒙旅平，和夷厎績。其土青驪。田下上，賦下中三錯。貢璆、鐵、銀、鏤、砮、磬，熊、羆、狐、貍、織皮。西傾因桓是來，浮于潛，踰于沔，入于渭，亂于河。黑水西河惟雍州：弱水既西，涇屬渭汭。漆、沮既從，灃水所同。荊、岐已旅，終南、敦物至于鳥鼠,當帝堯之時
遞進,禹至于鳥鼠,禹厎績原隰,。-N,禹行自冀州始。冀州：既載壺口，治梁及岐。既脩太原，至于嶽陽。覃懷致功，至於衡漳。其土白壤。賦上上錯，田中中，常、衞既從，大陸既為。鳥夷皮服。夾右碣石，入于海。濟、河維沇州：九河既道，雷夏既澤，雍、沮會同，桑土既蠶，於是民得下丘居土。其土黑墳，草繇木條。田中下，賦貞，作十有三年乃同。其貢漆絲，其篚織文。浮於濟、漯，通於河。海岱維青州：堣夷既略，濰、淄其道。其土白墳，海濱廣潟，厥田斥鹵。田上下，賦中上。厥貢鹽絺，海物維錯，岱畎絲、枲、鉛、松、怪石，萊夷為牧，其篚酓絲。浮於汶，通於濟。海岱及淮維徐州：淮、沂其治，蒙、羽其蓺。大野既都，東原厎平。其土赤埴墳，草木漸包。其田上中，賦中中。貢維土五色，羽畎夏狄，嶧陽孤桐，泗濱浮磬，淮夷蠙珠臮魚，其篚玄纖縞。浮于淮、泗，通于河。淮海維揚州：彭蠡既都，陽鳥所居。三江既入，震澤致定。竹箭既布。其草惟夭，其木惟喬，其土塗泥。田下下，賦下上上雜。貢金三品，瑤、琨、竹箭，齒、革、羽、旄，島夷卉服，其篚織貝，其包橘、柚錫貢。均江海，通淮、泗。荊及衡陽維荊州：江、漢朝宗于海。九江甚中，沱、涔已道，雲土、夢為治。其土塗泥。田下中，賦上下。貢羽、旄、齒、革，金三品，杶、榦、栝、柏，礪、砥、砮、丹，維箘簬、楛，三國致貢其名，包匭菁茅，其篚玄纁璣組，九江入賜大龜。浮于江、沱、涔、（于）漢，踰于雒，至于南河。荊河惟豫州：伊、雒、瀍、澗既入于河，滎播既都，道荷澤，被明都。其土壤，下土墳壚。田中上，賦雜上中。貢漆、絲、絺、紵，其篚纖絮，錫貢磬錯。浮於雒，達於河。華陽黑水惟梁州：汶、嶓既蓺，沱、涔既道，蔡、蒙旅平，和夷厎績。其土青驪。田下上，賦下中三錯。貢璆、鐵、銀、鏤、砮、磬，熊、羆、狐、貍、織皮。西傾因桓是來，浮于潛，踰于沔，入于渭，亂于河。黑水西河惟雍州：弱水既西，涇屬渭汭。漆、沮既從，灃水所同。荊、岐已旅，終南、敦物至于鳥鼠。原隰厎績,當帝堯之時
空間,禹,原隰,厎績-L,禹行自冀州始。冀州：既載壺口，治梁及岐。既脩太原，至于嶽陽。覃懷致功，至於衡漳。其土白壤。賦上上錯，田中中，常、衞既從，大陸既為。鳥夷皮服。夾右碣石，入于海。濟、河維沇州：九河既道，雷夏既澤，雍、沮會同，桑土既蠶，於是民得下丘居土。其土黑墳，草繇木條。田中下，賦貞，作十有三年乃同。其貢漆絲，其篚織文。浮於濟、漯，通於河。海岱維青州：堣夷既略，濰、淄其道。其土白墳，海濱廣潟，厥田斥鹵。田上下，賦中上。厥貢鹽絺，海物維錯，岱畎絲、枲、鉛、松、怪石，萊夷為牧，其篚酓絲。浮於汶，通於濟。海岱及淮維徐州：淮、沂其治，蒙、羽其蓺。大野既都，東原厎平。其土赤埴墳，草木漸包。其田上中，賦中中。貢維土五色，羽畎夏狄，嶧陽孤桐，泗濱浮磬，淮夷蠙珠臮魚，其篚玄纖縞。浮于淮、泗，通于河。淮海維揚州：彭蠡既都，陽鳥所居。三江既入，震澤致定。竹箭既布。其草惟夭，其木惟喬，其土塗泥。田下下，賦下上上雜。貢金三品，瑤、琨、竹箭，齒、革、羽、旄，島夷卉服，其篚織貝，其包橘、柚錫貢。均江海，通淮、泗。荊及衡陽維荊州：江、漢朝宗于海。九江甚中，沱、涔已道，雲土、夢為治。其土塗泥。田下中，賦上下。貢羽、旄、齒、革，金三品，杶、榦、栝、柏，礪、砥、砮、丹，維箘簬、楛，三國致貢其名，包匭菁茅，其篚玄纁璣組，九江入賜大龜。浮于江、沱、涔、（于）漢，踰于雒，至于南河。荊河惟豫州：伊、雒、瀍、澗既入于河，滎播既都，道荷澤，被明都。其土壤，下土墳壚。田中上，賦雜上中。貢漆、絲、絺、紵，其篚纖絮，錫貢磬錯。浮於雒，達於河。華陽黑水惟梁州：汶、嶓既蓺，沱、涔既道，蔡、蒙旅平，和夷厎績。其土青驪。田下上，賦下中三錯。貢璆、鐵、銀、鏤、砮、磬，熊、羆、狐、貍、織皮。西傾因桓是來，浮于潛，踰于沔，入于渭，亂于河。黑水西河惟雍州：弱水既西，涇屬渭汭。漆、沮既從，灃水所同。荊、岐已旅，終南、敦物至于鳥鼠。原隰厎績,當帝堯之時
遞進,禹厎績原隰,禹至于都野,，-N,禹行自冀州始。冀州：既載壺口，治梁及岐。既脩太原，至于嶽陽。覃懷致功，至於衡漳。其土白壤。賦上上錯，田中中，常、衞既從，大陸既為。鳥夷皮服。夾右碣石，入于海。濟、河維沇州：九河既道，雷夏既澤，雍、沮會同，桑土既蠶，於是民得下丘居土。其土黑墳，草繇木條。田中下，賦貞，作十有三年乃同。其貢漆絲，其篚織文。浮於濟、漯，通於河。海岱維青州：堣夷既略，濰、淄其道。其土白墳，海濱廣潟，厥田斥鹵。田上下，賦中上。厥貢鹽絺，海物維錯，岱畎絲、枲、鉛、松、怪石，萊夷為牧，其篚酓絲。浮於汶，通於濟。海岱及淮維徐州：淮、沂其治，蒙、羽其蓺。大野既都，東原厎平。其土赤埴墳，草木漸包。其田上中，賦中中。貢維土五色，羽畎夏狄，嶧陽孤桐，泗濱浮磬，淮夷蠙珠臮魚，其篚玄纖縞。浮于淮、泗，通于河。淮海維揚州：彭蠡既都，陽鳥所居。三江既入，震澤致定。竹箭既布。其草惟夭，其木惟喬，其土塗泥。田下下，賦下上上雜。貢金三品，瑤、琨、竹箭，齒、革、羽、旄，島夷卉服，其篚織貝，其包橘、柚錫貢。均江海，通淮、泗。荊及衡陽維荊州：江、漢朝宗于海。九江甚中，沱、涔已道，雲土、夢為治。其土塗泥。田下中，賦上下。貢羽、旄、齒、革，金三品，杶、榦、栝、柏，礪、砥、砮、丹，維箘簬、楛，三國致貢其名，包匭菁茅，其篚玄纁璣組，九江入賜大龜。浮于江、沱、涔、（于）漢，踰于雒，至于南河。荊河惟豫州：伊、雒、瀍、澗既入于河，滎播既都，道荷澤，被明都。其土壤，下土墳壚。田中上，賦雜上中。貢漆、絲、絺、紵，其篚纖絮，錫貢磬錯。浮於雒，達於河。華陽黑水惟梁州：汶、嶓既蓺，沱、涔既道，蔡、蒙旅平，和夷厎績。其土青驪。田下上，賦下中三錯。貢璆、鐵、銀、鏤、砮、磬，熊、羆、狐、貍、織皮。西傾因桓是來，浮于潛，踰于沔，入于渭，亂于河。黑水西河惟雍州：弱水既西，涇屬渭汭。漆、沮既從，灃水所同。荊、岐已旅，終南、敦物至于鳥鼠。原隰厎績，至于都野,當帝堯之時
空間,禹,都野,至于-L,禹行自冀州始。冀州：既載壺口，治梁及岐。既脩太原，至于嶽陽。覃懷致功，至於衡漳。其土白壤。賦上上錯，田中中，常、衞既從，大陸既為。鳥夷皮服。夾右碣石，入于海。濟、河維沇州：九河既道，雷夏既澤，雍、沮會同，桑土既蠶，於是民得下丘居土。其土黑墳，草繇木條。田中下，賦貞，作十有三年乃同。其貢漆絲，其篚織文。浮於濟、漯，通於河。海岱維青州：堣夷既略，濰、淄其道。其土白墳，海濱廣潟，厥田斥鹵。田上下，賦中上。厥貢鹽絺，海物維錯，岱畎絲、枲、鉛、松、怪石，萊夷為牧，其篚酓絲。浮於汶，通於濟。海岱及淮維徐州：淮、沂其治，蒙、羽其蓺。大野既都，東原厎平。其土赤埴墳，草木漸包。其田上中，賦中中。貢維土五色，羽畎夏狄，嶧陽孤桐，泗濱浮磬，淮夷蠙珠臮魚，其篚玄纖縞。浮于淮、泗，通于河。淮海維揚州：彭蠡既都，陽鳥所居。三江既入，震澤致定。竹箭既布。其草惟夭，其木惟喬，其土塗泥。田下下，賦下上上雜。貢金三品，瑤、琨、竹箭，齒、革、羽、旄，島夷卉服，其篚織貝，其包橘、柚錫貢。均江海，通淮、泗。荊及衡陽維荊州：江、漢朝宗于海。九江甚中，沱、涔已道，雲土、夢為治。其土塗泥。田下中，賦上下。貢羽、旄、齒、革，金三品，杶、榦、栝、柏，礪、砥、砮、丹，維箘簬、楛，三國致貢其名，包匭菁茅，其篚玄纁璣組，九江入賜大龜。浮于江、沱、涔、（于）漢，踰于雒，至于南河。荊河惟豫州：伊、雒、瀍、澗既入于河，滎播既都，道荷澤，被明都。其土壤，下土墳壚。田中上，賦雜上中。貢漆、絲、絺、紵，其篚纖絮，錫貢磬錯。浮於雒，達於河。華陽黑水惟梁州：汶、嶓既蓺，沱、涔既道，蔡、蒙旅平，和夷厎績。其土青驪。田下上，賦下中三錯。貢璆、鐵、銀、鏤、砮、磬，熊、羆、狐、貍、織皮。西傾因桓是來，浮于潛，踰于沔，入于渭，亂于河。黑水西河惟雍州：弱水既西，涇屬渭汭。漆、沮既從，灃水所同。荊、岐已旅，終南、敦物至于鳥鼠。原隰厎績，至于都野,當帝堯之時
遞進,禹至于都野,禹度三危,。-N,禹行自冀州始。冀州：既載壺口，治梁及岐。既脩太原，至于嶽陽。覃懷致功，至於衡漳。其土白壤。賦上上錯，田中中，常、衞既從，大陸既為。鳥夷皮服。夾右碣石，入于海。濟、河維沇州：九河既道，雷夏既澤，雍、沮會同，桑土既蠶，於是民得下丘居土。其土黑墳，草繇木條。田中下，賦貞，作十有三年乃同。其貢漆絲，其篚織文。浮於濟、漯，通於河。海岱維青州：堣夷既略，濰、淄其道。其土白墳，海濱廣潟，厥田斥鹵。田上下，賦中上。厥貢鹽絺，海物維錯，岱畎絲、枲、鉛、松、怪石，萊夷為牧，其篚酓絲。浮於汶，通於濟。海岱及淮維徐州：淮、沂其治，蒙、羽其蓺。大野既都，東原厎平。其土赤埴墳，草木漸包。其田上中，賦中中。貢維土五色，羽畎夏狄，嶧陽孤桐，泗濱浮磬，淮夷蠙珠臮魚，其篚玄纖縞。浮于淮、泗，通于河。淮海維揚州：彭蠡既都，陽鳥所居。三江既入，震澤致定。竹箭既布。其草惟夭，其木惟喬，其土塗泥。田下下，賦下上上雜。貢金三品，瑤、琨、竹箭，齒、革、羽、旄，島夷卉服，其篚織貝，其包橘、柚錫貢。均江海，通淮、泗。荊及衡陽維荊州：江、漢朝宗于海。九江甚中，沱、涔已道，雲土、夢為治。其土塗泥。田下中，賦上下。貢羽、旄、齒、革，金三品，杶、榦、栝、柏，礪、砥、砮、丹，維箘簬、楛，三國致貢其名，包匭菁茅，其篚玄纁璣組，九江入賜大龜。浮于江、沱、涔、（于）漢，踰于雒，至于南河。荊河惟豫州：伊、雒、瀍、澗既入于河，滎播既都，道荷澤，被明都。其土壤，下土墳壚。田中上，賦雜上中。貢漆、絲、絺、紵，其篚纖絮，錫貢磬錯。浮於雒，達於河。華陽黑水惟梁州：汶、嶓既蓺，沱、涔既道，蔡、蒙旅平，和夷厎績。其土青驪。田下上，賦下中三錯。貢璆、鐵、銀、鏤、砮、磬，熊、羆、狐、貍、織皮。西傾因桓是來，浮于潛，踰于沔，入于渭，亂于河。黑水西河惟雍州：弱水既西，涇屬渭汭。漆、沮既從，灃水所同。荊、岐已旅，終南、敦物至于鳥鼠。原隰厎績，至于都野。三危既度,當帝堯之時
空間,禹,三危,度-L,禹行自冀州始。冀州：既載壺口，治梁及岐。既脩太原，至于嶽陽。覃懷致功，至於衡漳。其土白壤。賦上上錯，田中中，常、衞既從，大陸既為。鳥夷皮服。夾右碣石，入于海。濟、河維沇州：九河既道，雷夏既澤，雍、沮會同，桑土既蠶，於是民得下丘居土。其土黑墳，草繇木條。田中下，賦貞，作十有三年乃同。其貢漆絲，其篚織文。浮於濟、漯，通於河。海岱維青州：堣夷既略，濰、淄其道。其土白墳，海濱廣潟，厥田斥鹵。田上下，賦中上。厥貢鹽絺，海物維錯，岱畎絲、枲、鉛、松、怪石，萊夷為牧，其篚酓絲。浮於汶，通於濟。海岱及淮維徐州：淮、沂其治，蒙、羽其蓺。大野既都，東原厎平。其土赤埴墳，草木漸包。其田上中，賦中中。貢維土五色，羽畎夏狄，嶧陽孤桐，泗濱浮磬，淮夷蠙珠臮魚，其篚玄纖縞。浮于淮、泗，通于河。淮海維揚州：彭蠡既都，陽鳥所居。三江既入，震澤致定。竹箭既布。其草惟夭，其木惟喬，其土塗泥。田下下，賦下上上雜。貢金三品，瑤、琨、竹箭，齒、革、羽、旄，島夷卉服，其篚織貝，其包橘、柚錫貢。均江海，通淮、泗。荊及衡陽維荊州：江、漢朝宗于海。九江甚中，沱、涔已道，雲土、夢為治。其土塗泥。田下中，賦上下。貢羽、旄、齒、革，金三品，杶、榦、栝、柏，礪、砥、砮、丹，維箘簬、楛，三國致貢其名，包匭菁茅，其篚玄纁璣組，九江入賜大龜。浮于江、沱、涔、（于）漢，踰于雒，至于南河。荊河惟豫州：伊、雒、瀍、澗既入于河，滎播既都，道荷澤，被明都。其土壤，下土墳壚。田中上，賦雜上中。貢漆、絲、絺、紵，其篚纖絮，錫貢磬錯。浮於雒，達於河。華陽黑水惟梁州：汶、嶓既蓺，沱、涔既道，蔡、蒙旅平，和夷厎績。其土青驪。田下上，賦下中三錯。貢璆、鐵、銀、鏤、砮、磬，熊、羆、狐、貍、織皮。西傾因桓是來，浮于潛，踰于沔，入于渭，亂于河。黑水西河惟雍州：弱水既西，涇屬渭汭。漆、沮既從，灃水所同。荊、岐已旅，終南、敦物至于鳥鼠。原隰厎績，至于都野。三危既度,當帝堯之時
遞進,禹度三危,三苗大序,，-N,禹行自冀州始。冀州：既載壺口，治梁及岐。既脩太原，至于嶽陽。覃懷致功，至於衡漳。其土白壤。賦上上錯，田中中，常、衞既從，大陸既為。鳥夷皮服。夾右碣石，入于海。濟、河維沇州：九河既道，雷夏既澤，雍、沮會同，桑土既蠶，於是民得下丘居土。其土黑墳，草繇木條。田中下，賦貞，作十有三年乃同。其貢漆絲，其篚織文。浮於濟、漯，通於河。海岱維青州：堣夷既略，濰、淄其道。其土白墳，海濱廣潟，厥田斥鹵。田上下，賦中上。厥貢鹽絺，海物維錯，岱畎絲、枲、鉛、松、怪石，萊夷為牧，其篚酓絲。浮於汶，通於濟。海岱及淮維徐州：淮、沂其治，蒙、羽其蓺。大野既都，東原厎平。其土赤埴墳，草木漸包。其田上中，賦中中。貢維土五色，羽畎夏狄，嶧陽孤桐，泗濱浮磬，淮夷蠙珠臮魚，其篚玄纖縞。浮于淮、泗，通于河。淮海維揚州：彭蠡既都，陽鳥所居。三江既入，震澤致定。竹箭既布。其草惟夭，其木惟喬，其土塗泥。田下下，賦下上上雜。貢金三品，瑤、琨、竹箭，齒、革、羽、旄，島夷卉服，其篚織貝，其包橘、柚錫貢。均江海，通淮、泗。荊及衡陽維荊州：江、漢朝宗于海。九江甚中，沱、涔已道，雲土、夢為治。其土塗泥。田下中，賦上下。貢羽、旄、齒、革，金三品，杶、榦、栝、柏，礪、砥、砮、丹，維箘簬、楛，三國致貢其名，包匭菁茅，其篚玄纁璣組，九江入賜大龜。浮于江、沱、涔、（于）漢，踰于雒，至于南河。荊河惟豫州：伊、雒、瀍、澗既入于河，滎播既都，道荷澤，被明都。其土壤，下土墳壚。田中上，賦雜上中。貢漆、絲、絺、紵，其篚纖絮，錫貢磬錯。浮於雒，達於河。華陽黑水惟梁州：汶、嶓既蓺，沱、涔既道，蔡、蒙旅平，和夷厎績。其土青驪。田下上，賦下中三錯。貢璆、鐵、銀、鏤、砮、磬，熊、羆、狐、貍、織皮。西傾因桓是來，浮于潛，踰于沔，入于渭，亂于河。黑水西河惟雍州：弱水既西，涇屬渭汭。漆、沮既從，灃水所同。荊、岐已旅，終南、敦物至于鳥鼠。原隰厎績，至于都野。三危既度，三苗大序,當帝堯之時
政治,三苗,,大序,禹行自冀州始。冀州：既載壺口，治梁及岐。既脩太原，至于嶽陽。覃懷致功，至於衡漳。其土白壤。賦上上錯，田中中，常、衞既從，大陸既為。鳥夷皮服。夾右碣石，入于海。濟、河維沇州：九河既道，雷夏既澤，雍、沮會同，桑土既蠶，於是民得下丘居土。其土黑墳，草繇木條。田中下，賦貞，作十有三年乃同。其貢漆絲，其篚織文。浮於濟、漯，通於河。海岱維青州：堣夷既略，濰、淄其道。其土白墳，海濱廣潟，厥田斥鹵。田上下，賦中上。厥貢鹽絺，海物維錯，岱畎絲、枲、鉛、松、怪石，萊夷為牧，其篚酓絲。浮於汶，通於濟。海岱及淮維徐州：淮、沂其治，蒙、羽其蓺。大野既都，東原厎平。其土赤埴墳，草木漸包。其田上中，賦中中。貢維土五色，羽畎夏狄，嶧陽孤桐，泗濱浮磬，淮夷蠙珠臮魚，其篚玄纖縞。浮于淮、泗，通于河。淮海維揚州：彭蠡既都，陽鳥所居。三江既入，震澤致定。竹箭既布。其草惟夭，其木惟喬，其土塗泥。田下下，賦下上上雜。貢金三品，瑤、琨、竹箭，齒、革、羽、旄，島夷卉服，其篚織貝，其包橘、柚錫貢。均江海，通淮、泗。荊及衡陽維荊州：江、漢朝宗于海。九江甚中，沱、涔已道，雲土、夢為治。其土塗泥。田下中，賦上下。貢羽、旄、齒、革，金三品，杶、榦、栝、柏，礪、砥、砮、丹，維箘簬、楛，三國致貢其名，包匭菁茅，其篚玄纁璣組，九江入賜大龜。浮于江、沱、涔、（于）漢，踰于雒，至于南河。荊河惟豫州：伊、雒、瀍、澗既入于河，滎播既都，道荷澤，被明都。其土壤，下土墳壚。田中上，賦雜上中。貢漆、絲、絺、紵，其篚纖絮，錫貢磬錯。浮於雒，達於河。華陽黑水惟梁州：汶、嶓既蓺，沱、涔既道，蔡、蒙旅平，和夷厎績。其土青驪。田下上，賦下中三錯。貢璆、鐵、銀、鏤、砮、磬，熊、羆、狐、貍、織皮。西傾因桓是來，浮于潛，踰于沔，入于渭，亂于河。黑水西河惟雍州：弱水既西，涇屬渭汭。漆、沮既從，灃水所同。荊、岐已旅，終南、敦物至于鳥鼠。原隰厎績，至于都野。三危既度，三苗大序,當帝堯之時
屬性,雍州,土黃壤:田上上:賦中下,其,黑水西河惟雍州：弱水既西，涇屬渭汭。漆、沮既從，灃水所同。荊、岐已旅，終南、敦物至于鳥鼠。原隰厎績，至于都野。三危既度，三苗大序。其土黃壤。田上上，賦中下,當帝堯之時
政治,雍州,璆:琳:琅玕,貢,黑水西河惟雍州：弱水既西，涇屬渭汭。漆、沮既從，灃水所同。荊、岐已旅，終南、敦物至于鳥鼠。原隰厎績，至于都野。三危既度，三苗大序。其土黃壤。田上上，賦中下。貢璆、琳、琅玕,當帝堯之時
空間,雍州,積石,浮于-L,黑水西河惟雍州：弱水既西，涇屬渭汭。漆、沮既從，灃水所同。荊、岐已旅，終南、敦物至于鳥鼠。原隰厎績，至于都野。三危既度，三苗大序。其土黃壤。田上上，賦中下。貢璆、琳、琅玕。浮于積石,當帝堯之時
空間,雍州,龍門:西河,至于-L,黑水西河惟雍州：弱水既西，涇屬渭汭。漆、沮既從，灃水所同。荊、岐已旅，終南、敦物至于鳥鼠。原隰厎績，至于都野。三危既度，三苗大序。其土黃壤。田上上，賦中下。貢璆、琳、琅玕。浮于積石，至于龍門西河,當帝堯之時
空間,雍州,渭汭,會于-L,黑水西河惟雍州：弱水既西，涇屬渭汭。漆、沮既從，灃水所同。荊、岐已旅，終南、敦物至于鳥鼠。原隰厎績，至于都野。三危既度，三苗大序。其土黃壤。田上上，賦中下。貢璆、琳、琅玕。浮于積石，至于龍門西河，會于渭汭,當帝堯之時
遞進,三苗大序,織皮昆侖:析支:渠搜:西戎,。-N,黑水西河惟雍州：弱水既西，涇屬渭汭。漆、沮既從，灃水所同。荊、岐已旅，終南、敦物至于鳥鼠。原隰厎績，至于都野。三危既度，三苗大序。其土黃壤。田上上，賦中下。貢璆、琳、琅玕。浮于積石，至于龍門西河，會于渭汭。織皮昆侖、析支、渠搜，西戎即序,當帝堯之時
政治,織皮昆侖:析支:渠搜:西戎,,序,黑水西河惟雍州：弱水既西，涇屬渭汭。漆、沮既從，灃水所同。荊、岐已旅，終南、敦物至于鳥鼠。原隰厎績，至于都野。三危既度，三苗大序。其土黃壤。田上上，賦中下。貢璆、琳、琅玕。浮于積石，至于龍門西河，會于渭汭。織皮昆侖、析支、渠搜，西戎即序,當帝堯之時
政治,禹,九山,道-L,禹行自冀州始。冀州：既載壺口，治梁及岐。既脩太原，至于嶽陽。覃懷致功，至於衡漳。其土白壤。賦上上錯，田中中，常、衞既從，大陸既為。鳥夷皮服。夾右碣石，入于海。濟、河維沇州：九河既道，雷夏既澤，雍、沮會同，桑土既蠶，於是民得下丘居土。其土黑墳，草繇木條。田中下，賦貞，作十有三年乃同。其貢漆絲，其篚織文。浮於濟、漯，通於河。海岱維青州：堣夷既略，濰、淄其道。其土白墳，海濱廣潟，厥田斥鹵。田上下，賦中上。厥貢鹽絺，海物維錯，岱畎絲、枲、鉛、松、怪石，萊夷為牧，其篚酓絲。浮於汶，通於濟。海岱及淮維徐州：淮、沂其治，蒙、羽其蓺。大野既都，東原厎平。其土赤埴墳，草木漸包。其田上中，賦中中。貢維土五色，羽畎夏狄，嶧陽孤桐，泗濱浮磬，淮夷蠙珠臮魚，其篚玄纖縞。浮于淮、泗，通于河。淮海維揚州：彭蠡既都，陽鳥所居。三江既入，震澤致定。竹箭既布。其草惟夭，其木惟喬，其土塗泥。田下下，賦下上上雜。貢金三品，瑤、琨、竹箭，齒、革、羽、旄，島夷卉服，其篚織貝，其包橘、柚錫貢。均江海，通淮、泗。荊及衡陽維荊州：江、漢朝宗于海。九江甚中，沱、涔已道，雲土、夢為治。其土塗泥。田下中，賦上下。貢羽、旄、齒、革，金三品，杶、榦、栝、柏，礪、砥、砮、丹，維箘簬、楛，三國致貢其名，包匭菁茅，其篚玄纁璣組，九江入賜大龜。浮于江、沱、涔、（于）漢，踰于雒，至于南河。荊河惟豫州：伊、雒、瀍、澗既入于河，滎播既都，道荷澤，被明都。其土壤，下土墳壚。田中上，賦雜上中。貢漆、絲、絺、紵，其篚纖絮，錫貢磬錯。浮於雒，達於河。華陽黑水惟梁州：汶、嶓既蓺，沱、涔既道，蔡、蒙旅平，和夷厎績。其土青驪。田下上，賦下中三錯。貢璆、鐵、銀、鏤、砮、磬，熊、羆、狐、貍、織皮。西傾因桓是來，浮于潛，踰于沔，入于渭，亂于河。黑水西河惟雍州：弱水既西，涇屬渭汭。漆、沮既從，灃水所同。荊、岐已旅，終南、敦物至于鳥鼠。原隰厎績，至于都野。三危既度，三苗大序。其土黃壤。田上上，賦中下。貢璆、琳、琅玕。浮于積石，至于龍門西河，會于渭汭。織皮昆侖、析支、渠搜，西戎即序。道九山,當帝堯之時
空間,汧:岐,荊山,至于-L,道九山：汧及岐至于荊山,當帝堯之時
遞進,汧:岐至于荊山,汧:岐踰于河,，-N,道九山：汧及岐至于荊山,當帝堯之時
空間,汧:岐,河,踰于-L,道九山：汧及岐至于荊山，踰于河,當帝堯之時
並列,汧:岐踰于河,壺口:雷首至于太嶽,；-N,道九山：汧及岐至于荊山，踰于河,當帝堯之時
空間,壺口:雷首,太嶽,至于-L,道九山：汧及岐至于荊山，踰于河；壺口、雷首至于太嶽,當帝堯之時
並列,壺口:雷首至于太嶽,砥柱:析城至于王屋,；-N,道九山：汧及岐至于荊山，踰于河；壺口、雷首至于太嶽,當帝堯之時
空間,砥柱:析城,王屋,至于-L,道九山：汧及岐至于荊山，踰于河；壺口、雷首至于太嶽；砥柱、析城至于王屋,當帝堯之時
並列,砥柱:析城至于王屋,太行:常山至于碣石,；-N,道九山：汧及岐至于荊山，踰于河；壺口、雷首至于太嶽；砥柱、析城至于王屋,當帝堯之時
空間,太行:常山,碣石,至于-L,道九山：汧及岐至于荊山，踰于河；壺口、雷首至于太嶽；砥柱、析城至于王屋；太行、常山至于碣石,當帝堯之時
遞進,太行:常山至于碣石,太行:常山入于海,，-N,道九山：汧及岐至于荊山，踰于河；壺口、雷首至于太嶽；砥柱、析城至于王屋；太行、常山至于碣石,當帝堯之時
空間,太行:常山,海,入于-L,太行、常山至于碣石，入于海,當帝堯之時
並列,太行:常山入于海,太行:常山:西傾:朱圉:鳥鼠至于太華,；-N,太行、常山至于碣石，入于海；西傾、朱圉、鳥鼠至于太華,當帝堯之時
空間,太行:常山:西傾:朱圉:鳥鼠,太華,至于-L,太行、常山至于碣石，入于海；西傾、朱圉、鳥鼠至于太華,當帝堯之時
並列,太行:常山:西傾:朱圉:鳥鼠至于太華,熊耳:外方:桐柏至于負尾,；-N,太行、常山至于碣石，入于海；西傾、朱圉、鳥鼠至于太華；熊耳、外方、桐柏至于負尾,當帝堯之時
空間,熊耳:外方:桐柏,負尾,至于-L,太行、常山至于碣石，入于海；西傾、朱圉、鳥鼠至于太華；熊耳、外方、桐柏至于負尾,當帝堯之時
並列,熊耳:外方:桐柏至于負尾,道嶓冢至于荊山,；-N,太行、常山至于碣石，入于海；西傾、朱圉、鳥鼠至于太華；熊耳、外方、桐柏至于負尾；道嶓冢，至于荊山,當帝堯之時
空間,道嶓冢,荊山,至于-L,太行、常山至于碣石，入于海；西傾、朱圉、鳥鼠至于太華；熊耳、外方、桐柏至于負尾；道嶓冢，至于荊山,當帝堯之時
並列,道嶓冢至于荊山,內方至于大別,；-N,太行、常山至于碣石，入于海；西傾、朱圉、鳥鼠至于太華；熊耳、外方、桐柏至于負尾；道嶓冢，至于荊山；內方至于大別,當帝堯之時
空間,內方,大別,至于-L,太行、常山至于碣石，入于海；西傾、朱圉、鳥鼠至于太華；熊耳、外方、桐柏至于負尾；道嶓冢，至于荊山；內方至于大別,當帝堯之時
並列,內方至于大別,汶山之陽至于衡山,；-N,太行、常山至于碣石，入于海；西傾、朱圉、鳥鼠至于太華；熊耳、外方、桐柏至于負尾；道嶓冢，至于荊山；內方至于大別；汶山之陽至衡山,當帝堯之時
空間,汶山之陽,衡山,至于-L,太行、常山至于碣石，入于海；西傾、朱圉、鳥鼠至于太華；熊耳、外方、桐柏至于負尾；道嶓冢，至于荊山；內方至于大別；汶山之陽至衡山,當帝堯之時
遞進,汶山之陽至于衡山,汶山之陽過九江,，-N,汶山之陽至衡山，過九江,當帝堯之時
空間,汶山之陽,九江,過-L,汶山之陽至衡山，過九江,當帝堯之時
遞進,汶山之陽過九江,汶山之陽至于敷淺原,，-N,汶山之陽至衡山，過九江，至于敷淺原,當帝堯之時
空間,汶山之陽,敷淺原,至于-L,汶山之陽至衡山，過九江，至于敷淺原,當帝堯之時
政治,禹,九川,道-L,禹行自冀州始。冀州：既載壺口，治梁及岐。既脩太原，至于嶽陽。覃懷致功，至於衡漳。其土白壤。賦上上錯，田中中，常、衞既從，大陸既為。鳥夷皮服。夾右碣石，入于海。濟、河維沇州：九河既道，雷夏既澤，雍、沮會同，桑土既蠶，於是民得下丘居土。其土黑墳，草繇木條。田中下，賦貞，作十有三年乃同。其貢漆絲，其篚織文。浮於濟、漯，通於河。海岱維青州：堣夷既略，濰、淄其道。其土白墳，海濱廣潟，厥田斥鹵。田上下，賦中上。厥貢鹽絺，海物維錯，岱畎絲、枲、鉛、松、怪石，萊夷為牧，其篚酓絲。浮於汶，通於濟。海岱及淮維徐州：淮、沂其治，蒙、羽其蓺。大野既都，東原厎平。其土赤埴墳，草木漸包。其田上中，賦中中。貢維土五色，羽畎夏狄，嶧陽孤桐，泗濱浮磬，淮夷蠙珠臮魚，其篚玄纖縞。浮于淮、泗，通于河。淮海維揚州：彭蠡既都，陽鳥所居。三江既入，震澤致定。竹箭既布。其草惟夭，其木惟喬，其土塗泥。田下下，賦下上上雜。貢金三品，瑤、琨、竹箭，齒、革、羽、旄，島夷卉服，其篚織貝，其包橘、柚錫貢。均江海，通淮、泗。荊及衡陽維荊州：江、漢朝宗于海。九江甚中，沱、涔已道，雲土、夢為治。其土塗泥。田下中，賦上下。貢羽、旄、齒、革，金三品，杶、榦、栝、柏，礪、砥、砮、丹，維箘簬、楛，三國致貢其名，包匭菁茅，其篚玄纁璣組，九江入賜大龜。浮于江、沱、涔、（于）漢，踰于雒，至于南河。荊河惟豫州：伊、雒、瀍、澗既入于河，滎播既都，道荷澤，被明都。其土壤，下土墳壚。田中上，賦雜上中。貢漆、絲、絺、紵，其篚纖絮，錫貢磬錯。浮於雒，達於河。華陽黑水惟梁州：汶、嶓既蓺，沱、涔既道，蔡、蒙旅平，和夷厎績。其土青驪。田下上，賦下中三錯。貢璆、鐵、銀、鏤、砮、磬，熊、羆、狐、貍、織皮。西傾因桓是來，浮于潛，踰于沔，入于渭，亂于河。黑水西河惟雍州：弱水既西，涇屬渭汭。漆、沮既從，灃水所同。荊、岐已旅，終南、敦物至于鳥鼠。原隰厎績，至于都野。三危既度，三苗大序。其土黃壤。田上上，賦中下。貢璆、琳、琅玕。浮于積石，至于龍門西河，會于渭汭。織皮昆侖、析支、渠搜，西戎即序。道九山：汧及岐至于荊山，踰于河；壺口、雷首至于太嶽；砥柱、析城至于王屋；太行、常山至于碣石，入于海；西傾、朱圉、鳥鼠至于太華；熊耳、外方、桐柏至于負尾；道嶓冢，至于荊山；內方至于大別；汶山之陽至衡山，過九江，至于敷淺原。道九川,當帝堯之時
空間,弱水,合黎,至於-L,弱水至於合黎,當帝堯之時
遞進,弱水至於合黎,餘波入于流沙,，-N,弱水至於合黎，餘波入于流沙,當帝堯之時
空間,餘波,流沙,入于-L,餘波入于流沙,當帝堯之時
並列,餘波入于流沙,黑水至于三危,。-N,餘波入于流沙。道黑水，至于三危,當帝堯之時
空間,黑水,三危,至于-L,道黑水，至于三危,當帝堯之時
遞進,黑水至于三危,黑水入于南海,，-N,道黑水，至于三危，入于南海,當帝堯之時
空間,黑水,南海,入于-L,道黑水，至于三危，入于南海,當帝堯之時
空間,河積石,龍門,至于-L,道河積石，至于龍門,當帝堯之時
遞進,河積石至于龍門,河積石南至華陰,，-N,道河積石，至于龍門，南至華陰,當帝堯之時
空間,河積石,華陰,南至-L,道河積石，至于龍門，南至華陰,當帝堯之時
遞進,河積石南至華陰,河積石東至砥柱,，-N,道河積石，至于龍門，南至華陰，東至砥柱,當帝堯之時
空間,河積石,砥柱,東至-L,道河積石，至于龍門，南至華陰，東至砥柱,當帝堯之時
遞進,河積石東至砥柱,河積石又東至于盟津,，-N,道河積石，至于龍門，南至華陰，東至砥柱，又東至于盟津,當帝堯之時
空間,河積石,盟津,又東至于-L,道河積石，至于龍門，南至華陰，東至砥柱，又東至于盟津,當帝堯之時
遞進,河積石又東至于盟津,河積石東過雒汭,，-N,道河積石，至于龍門，南至華陰，東至砥柱，又東至于盟津，東過雒汭,當帝堯之時
空間,河積石,雒汭,東過-L,道河積石，至于龍門，南至華陰，東至砥柱，又東至于盟津，東過雒汭,當帝堯之時
遞進,河積石東過雒汭,河積石至于大邳,，-N,道河積石，至于龍門，南至華陰，東至砥柱，又東至于盟津，東過雒汭，至于大邳,當帝堯之時
空間,河積石,大邳,至于-L,道河積石，至于龍門，南至華陰，東至砥柱，又東至于盟津，東過雒汭，至于大邳,當帝堯之時
遞進,河積石至于大邳,河積石北過降水,，-N,道河積石，至于龍門，南至華陰，東至砥柱，又東至于盟津，東過雒汭，至于大邳，北過降水,當帝堯之時
空間,河積石,降水,北過-L,道河積石，至于龍門，南至華陰，東至砥柱，又東至于盟津，東過雒汭，至于大邳，北過降水,當帝堯之時
遞進,河積石北過降水,河積石至于大陸,，-N,道河積石，至于龍門，南至華陰，東至砥柱，又東至于盟津，東過雒汭，至于大邳，北過降水，至于大陸,當帝堯之時
空間,河積石,大陸,至于-L,道河積石，至于龍門，南至華陰，東至砥柱，又東至于盟津，東過雒汭，至于大邳，北過降水，至于大陸,當帝堯之時
遞進,河積石至于大陸,河積石北播九河,，-N,道河積石，至于龍門，南至華陰，東至砥柱，又東至于盟津，東過雒汭，至于大邳，北過降水，至于大陸，北播為九河,當帝堯之時
動作,河積石,九河,北播-L,道河積石，至于龍門，南至華陰，東至砥柱，又東至于盟津，東過雒汭，至于大邳，北過降水，至于大陸，北播為九河,當帝堯之時
遞進,河積石北播九河,河積石同為逆河,，-N,道河積石，至于龍門，南至華陰，東至砥柱，又東至于盟津，東過雒汭，至于大邳，北過降水，至于大陸，北播為九河，同為逆河,當帝堯之時
動作,河積石,逆河,同為-L,道河積石，至于龍門，南至華陰，東至砥柱，又東至于盟津，東過雒汭，至于大邳，北過降水，至于大陸，北播為九河，同為逆河,當帝堯之時
遞進,河積石同為逆河,河積石入于海,，-N,道河積石，至于龍門，南至華陰，東至砥柱，又東至于盟津，東過雒汭，至于大邳，北過降水，至于大陸，北播為九河，同為逆河，入于海,當帝堯之時
空間,河積石,海,入于-L,道河積石，至于龍門，南至華陰，東至砥柱，又東至于盟津，東過雒汭，至于大邳，北過降水，至于大陸，北播為九河，同為逆河，入于海,當帝堯之時
空間,嶓冢,瀁,道-L,嶓冢道瀁,當帝堯之時
遞進,嶓冢道瀁,瀁東流為漢,，-N,嶓冢道瀁，東流為漢,當帝堯之時
空間,瀁,漢,東流為-L,嶓冢道瀁，東流為漢,當帝堯之時
遞進,瀁東流為漢,瀁又東為蒼浪之水,，-N,嶓冢道瀁，東流為漢，又東為蒼浪之水,當帝堯之時
動作,瀁,蒼浪之水,又東為-L,嶓冢道瀁，東流為漢，又東為蒼浪之水,當帝堯之時
遞進,瀁又東為蒼浪之水,瀁過三澨,，-N,嶓冢道瀁，東流為漢，又東為蒼浪之水，過三澨,當帝堯之時
空間,瀁,三澨,過-L,嶓冢道瀁，東流為漢，又東為蒼浪之水，過三澨,當帝堯之時
遞進,瀁過三澨,瀁入于大別,，-N,嶓冢道瀁，東流為漢，又東為蒼浪之水，過三澨，入于大別,當帝堯之時
空間,瀁,大別,入于-L,嶓冢道瀁，東流為漢，又東為蒼浪之水，過三澨，入于大別,當帝堯之時
遞進,瀁入于大別,瀁南入于江,，-N,嶓冢道瀁，東流為漢，又東為蒼浪之水，過三澨，入于大別，南入于江,當帝堯之時
空間,瀁,江,南入于-L,嶓冢道瀁，東流為漢，又東為蒼浪之水，過三澨，入于大別，南入于江,當帝堯之時
遞進,瀁南入于江,瀁東匯澤,，-N,嶓冢道瀁，東流為漢，又東為蒼浪之水，過三澨，入于大別，南入于江，東匯澤為彭蠡,當帝堯之時
空間,瀁,澤,東匯,嶓冢道瀁，東流為漢，又東為蒼浪之水，過三澨，入于大別，南入于江，東匯澤為彭蠡,當帝堯之時
事件屬性,瀁東匯澤,彭蠡,為-L,嶓冢道瀁，東流為漢，又東為蒼浪之水，過三澨，入于大別，南入于江，東匯澤為彭蠡,當帝堯之時
遞進,瀁東匯澤,瀁東為北江,，-N,嶓冢道瀁，東流為漢，又東為蒼浪之水，過三澨，入于大別，南入于江，東匯澤為彭蠡，東為北江,當帝堯之時
空間,瀁,北江,東為-L,嶓冢道瀁，東流為漢，又東為蒼浪之水，過三澨，入于大別，南入于江，東匯澤為彭蠡，東為北江,當帝堯之時
遞進,瀁為北江,瀁入于海,，-N,嶓冢道瀁，東流為漢，又東為蒼浪之水，過三澨，入于大別，南入于江，東匯澤為彭蠡，東為北江，入于海,當帝堯之時
空間,瀁,海,入于-L,嶓冢道瀁，東流為漢，又東為蒼浪之水，過三澨，入于大別，南入于江，東匯澤為彭蠡，東為北江，入于海,當帝堯之時
空間,汶山,江,道-L,汶山道江,當帝堯之時
遞進,汶山道江,江東別為沱,，-N,汶山道江，東別為沱,當帝堯之時
空間,江,沱,東別為-L,汶山道江，東別為沱,當帝堯之時
遞進,江東別為沱,江又東至于醴,，-N,汶山道江，東別為沱，又東至于醴,當帝堯之時
空間,江,醴,又東至于-L,汶山道江，東別為沱，又東至于醴,當帝堯之時
遞進,江又東至于醴,江過九江,，-N,汶山道江，東別為沱，又東至于醴，過九江,當帝堯之時
空間,江,九江,過-L,汶山道江，東別為沱，又東至于醴，過九江,當帝堯之時
遞進,江過九江,江至于東陵,，-N,汶山道江，東別為沱，又東至于醴，過九江，至于東陵,當帝堯之時
空間,江,東陵,至于-L,汶山道江，東別為沱，又東至于醴，過九江，至于東陵,當帝堯之時
遞進,江至于東陵,江東迆北會于匯,，-N,汶山道江，東別為沱，又東至于醴，過九江，至于東陵，東迆北會于匯,當帝堯之時
空間,江,匯,東迆北會于-L,汶山道江，東別為沱，又東至于醴，過九江，至于東陵，東迆北會于匯,當帝堯之時
遞進,江東迆北會于匯,江東為中江,，-N,汶山道江，東別為沱，又東至于醴，過九江，至于東陵，東迆北會于匯，東為中江,當帝堯之時
空間,江,中江,東為-L,汶山道江，東別為沱，又東至于醴，過九江，至于東陵，東迆北會于匯，東為中江,當帝堯之時
遞進,江東為中江,江入于海,，-N,汶山道江，東別為沱，又東至于醴，過九江，至于東陵，東迆北會于匯，東為中江，入于海,當帝堯之時
空間,江,海,入于-L,汶山道江，東別為沱，又東至于醴，過九江，至于東陵，東迆北會于匯，東為中江，入于海,當帝堯之時
空間,沇水,濟,東為-L,道沇水，東為濟,當帝堯之時
遞進,沇水東為濟,沇水入于河,，-N,道沇水，東為濟，入于河,當帝堯之時
空間,沇水,河,入于-L,道沇水，東為濟，入于河,當帝堯之時
遞進,沇水入于河,沇水泆為滎,，-N,道沇水，東為濟，入于河，泆為滎,當帝堯之時
空間,沇水,滎,泆為-L,道沇水，東為濟，入于河，泆為滎,當帝堯之時
遞進,沇水泆為滎,沇水東出陶丘北,，-N,道沇水，東為濟，入于河，泆為滎，東出陶丘北,當帝堯之時
空間,沇水,陶丘北,東出-L,道沇水，東為濟，入于河，泆為滎，東出陶丘北,當帝堯之時
遞進,沇水東出陶丘北,沇水又東至于荷,，-N,道沇水，東為濟，入于河，泆為滎，東出陶丘北，又東至于荷,當帝堯之時
空間,沇水,荷,又東至于-L,道沇水，東為濟，入于河，泆為滎，東出陶丘北，又東至于荷,當帝堯之時
遞進,沇水又東至于荷,沇水又東北會于汶,，-N,道沇水，東為濟，入于河，泆為滎，東出陶丘北，又東至于荷，又東北會于汶,當帝堯之時
空間,沇水,汶,又東北會于-L,道沇水，東為濟，入于河，泆為滎，東出陶丘北，又東至于荷，又東北會于汶,當帝堯之時
遞進,沇水又東北會于汶,沇水又東北入于海,，-N,道沇水，東為濟，入于河，泆為滎，東出陶丘北，又東至于荷，又東北會于汶，又東北入于海,當帝堯之時
空間,沇水,海,又東北入于-L,道沇水，東為濟，入于河，泆為滎，東出陶丘北，又東至于荷，又東北會于汶，又東北入于海,當帝堯之時
空間,淮,桐柏,自-L,道淮自桐柏,當帝堯之時
遞進,淮自桐柏,淮東會于泗:沂,，-N,道淮自桐柏，東會于泗、沂,當帝堯之時
空間,淮,泗:沂,東會于-L,道淮自桐柏，東會于泗、沂,當帝堯之時
遞進,淮東會于泗:沂,淮東入于海,，-N,道淮自桐柏，東會于泗、沂，東入于海,當帝堯之時
空間,淮,海,東入于-L,道淮自桐柏，東會于泗、沂，東入于海,當帝堯之時
空間,渭,鳥鼠同穴,自-L,道渭自鳥鼠同穴,當帝堯之時
遞進,渭自鳥鼠同穴,渭東會于灃,，-N,道渭自鳥鼠同穴，東會于灃,當帝堯之時
空間,渭,灃,東會于-L,道渭自鳥鼠同穴，東會于灃,當帝堯之時
遞進,渭東會于灃,渭又東北至于涇,，-N,道渭自鳥鼠同穴，東會于灃，又東北至于涇,當帝堯之時
空間,渭,涇,又東北至于-L,道渭自鳥鼠同穴，東會于灃，又東北至于涇,當帝堯之時
遞進,渭又東北至于涇,渭東過漆:沮,，-N,道渭自鳥鼠同穴，東會于灃，又東北至于涇，東過漆、沮,當帝堯之時
空間,渭,漆:沮,東過-L,道渭自鳥鼠同穴，東會于灃，又東北至于涇，東過漆、沮,當帝堯之時
遞進,渭東過漆:沮,渭入于河,，-N,道渭自鳥鼠同穴，東會于灃，又東北至于涇，東過漆、沮，入于河,當帝堯之時
空間,渭,河,入于-L,道渭自鳥鼠同穴，東會于灃，又東北至于涇，東過漆、沮，入于河,當帝堯之時
空間,雒,熊耳,自,道雒自熊耳,當帝堯之時
遞進,雒自熊耳,雒東北會于澗:瀍,，-N,道雒自熊耳，東北會于澗、瀍,當帝堯之時
空間,雒,澗:瀍,東北會于-L,道雒自熊耳，東北會于澗、瀍,當帝堯之時
遞進,雒東北會于澗:瀍,雒又東會于伊,，-N,道雒自熊耳，東北會于澗、瀍，又東會于伊,當帝堯之時
空間,雒,伊,又東會于-L,道雒自熊耳，東北會于澗、瀍，又東會于伊,當帝堯之時
遞進,雒又東會于伊,雒東北入于河,，-N,道雒自熊耳，東北會于澗、瀍，又東會于伊，東北入于河,當帝堯之時
空間,雒,河,東北入于-L,道雒自熊耳，東北會于澗、瀍，又東會于伊，東北入于河,當帝堯之時
因果,雒東北入于河,九州攸同,。於是-N,道雒自熊耳，東北會于澗、瀍，又東會于伊，東北入于河。於是九州攸同,當帝堯之時
政治,九州,,攸同,東北入于河。於是九州攸同,當帝堯之時
遞進,九州攸同,四奧居,，-N,東北入于河。於是九州攸同,當帝堯之時
政治,四奧,,居,東北入于河。於是九州攸同，四奧既居,當帝堯之時
遞進,四奧居,九山栞旅,，-N,東北入于河。於是九州攸同，四奧既居,當帝堯之時
動作,九山,,栞旅,東北入于河。於是九州攸同，四奧既居，九山栞旅,當帝堯之時
遞進,九山栞旅,九川滌原,，-N,東北入于河。於是九州攸同，四奧既居，九山栞旅,當帝堯之時
動作,九川,,滌原,東北入于河。於是九州攸同，四奧既居，九山栞旅，九川滌原,當帝堯之時
遞進,九川滌原,九澤陂,，-N,東北入于河。於是九州攸同，四奧既居，九山栞旅，九川滌原，九澤既陂,當帝堯之時
動作,九澤,,陂,東北入于河。於是九州攸同，四奧既居，九山栞旅，九川滌原，九澤既陂,當帝堯之時
遞進,九澤陂,四海會同,，-N,東北入于河。於是九州攸同，四奧既居，九山栞旅，九川滌原，九澤既陂，四海會同,當帝堯之時
動作,四海,,會同,東北入于河。於是九州攸同，四奧既居，九山栞旅，九川滌原，九澤既陂，四海會同,當帝堯之時
遞進,四海會同,六府甚脩,。-N,東北入于河。於是九州攸同，四奧既居，九山栞旅，九川滌原，九澤既陂，四海會同。六府甚脩,當帝堯之時
政治,六府,,甚脩,東北入于河。於是九州攸同，四奧既居，九山栞旅，九川滌原，九澤既陂，四海會同。六府甚脩,當帝堯之時
遞進,六府甚脩,眾土交正,，-N,東北入于河。於是九州攸同，四奧既居，九山栞旅，九川滌原，九澤既陂，四海會同。六府甚脩，眾土交正,當帝堯之時
政治,眾土,,交正,東北入于河。於是九州攸同，四奧既居，九山栞旅，九川滌原，九澤既陂，四海會同。六府甚脩，眾土交正,當帝堯之時
遞進,眾土交正,,，-N,東北入于河。於是九州攸同，四奧既居，九山栞旅，九川滌原，九澤既陂，四海會同。六府甚脩，眾土交正，致慎財賦,當帝堯之時
政治,眾土,財賦,致慎,眾土交正，致慎財賦,當帝堯之時
遞進,眾土致慎財賦,三壤成賦,，咸則-N,眾土交正，致慎財賦，咸則三壤成賦,當帝堯之時
政治,三壤,賦,成,咸則三壤成賦,當帝堯之時
遞進,三壤成賦,中國賜土姓,。-N,眾土交正，致慎財賦，咸則三壤成賦。中國賜土姓：「祗台德先，不距朕行。」,當帝堯之時
政治,中國,土姓,賜,中國賜土姓：「祗台德先，不距朕行。」,當帝堯之時
事件屬性,中國賜土姓,,祗台德先:不距朕行,中國賜土姓：「祗台德先，不距朕行。」,當帝堯之時
政治,禹,天子之國以外五百里,令,禹行自冀州始。冀州：既載壺口，治梁及岐。既脩太原，至于嶽陽。覃懷致功，至於衡漳。其土白壤。賦上上錯，田中中，常、衞既從，大陸既為。鳥夷皮服。夾右碣石，入于海。濟、河維沇州：九河既道，雷夏既澤，雍、沮會同，桑土既蠶，於是民得下丘居土。其土黑墳，草繇木條。田中下，賦貞，作十有三年乃同。其貢漆絲，其篚織文。浮於濟、漯，通於河。海岱維青州：堣夷既略，濰、淄其道。其土白墳，海濱廣潟，厥田斥鹵。田上下，賦中上。厥貢鹽絺，海物維錯，岱畎絲、枲、鉛、松、怪石，萊夷為牧，其篚酓絲。浮於汶，通於濟。海岱及淮維徐州：淮、沂其治，蒙、羽其蓺。大野既都，東原厎平。其土赤埴墳，草木漸包。其田上中，賦中中。貢維土五色，羽畎夏狄，嶧陽孤桐，泗濱浮磬，淮夷蠙珠臮魚，其篚玄纖縞。浮于淮、泗，通于河。淮海維揚州：彭蠡既都，陽鳥所居。三江既入，震澤致定。竹箭既布。其草惟夭，其木惟喬，其土塗泥。田下下，賦下上上雜。貢金三品，瑤、琨、竹箭，齒、革、羽、旄，島夷卉服，其篚織貝，其包橘、柚錫貢。均江海，通淮、泗。荊及衡陽維荊州：江、漢朝宗于海。九江甚中，沱、涔已道，雲土、夢為治。其土塗泥。田下中，賦上下。貢羽、旄、齒、革，金三品，杶、榦、栝、柏，礪、砥、砮、丹，維箘簬、楛，三國致貢其名，包匭菁茅，其篚玄纁璣組，九江入賜大龜。浮于江、沱、涔、（于）漢，踰于雒，至于南河。荊河惟豫州：伊、雒、瀍、澗既入于河，滎播既都，道荷澤，被明都。其土壤，下土墳壚。田中上，賦雜上中。貢漆、絲、絺、紵，其篚纖絮，錫貢磬錯。浮於雒，達於河。華陽黑水惟梁州：汶、嶓既蓺，沱、涔既道，蔡、蒙旅平，和夷厎績。其土青驪。田下上，賦下中三錯。貢璆、鐵、銀、鏤、砮、磬，熊、羆、狐、貍、織皮。西傾因桓是來，浮于潛，踰于沔，入于渭，亂于河。黑水西河惟雍州：弱水既西，涇屬渭汭。漆、沮既從，灃水所同。荊、岐已旅，終南、敦物至于鳥鼠。原隰厎績，至于都野。三危既度，三苗大序。其土黃壤。田上上，賦中下。貢璆、琳、琅玕。浮于積石，至于龍門西河，會于渭汭。織皮昆侖、析支、渠搜，西戎即序。道九山：汧及岐至于荊山，踰于河；壺口、雷首至于太嶽；砥柱、析城至于王屋；太行、常山至于碣石，入于海；西傾、朱圉、鳥鼠至于太華；熊耳、外方、桐柏至于負尾；道嶓冢，至于荊山；內方至于大別；汶山之陽至衡山，過九江，至于敷淺原。道九川：弱水至於合黎，餘波入于流沙。道黑水，至于三危，入于南海。道河積石，至于龍門，南至華陰，東至砥柱，又東至于盟津，東過雒汭，至于大邳，北過降水，至于大陸，北播為九河，同為逆河，入于海。嶓冢道瀁，東流為漢，又東為蒼浪之水，過三澨，入于大別，南入于江，東匯澤為彭蠡，東為北江，入于海。汶山道江，東別為沱，又東至于醴，過九江，至于東陵，東迆北會于匯，東為中江，入于海。道沇水，東為濟，入于河，泆為滎，東出陶丘北，又東至于荷，又東北會于汶，又東北入于海。道淮自桐柏，東會于泗、沂，東入于海。道渭自鳥鼠同穴，東會于灃，又東北至于涇，東過漆、沮，入于河。道雒自熊耳，東北會于澗、瀍，又東會于伊，東北入于河。於是九州攸同，四奧既居，九山栞旅，九川滌原，九澤既陂，四海會同。六府甚脩，眾土交正，致慎財賦，咸則三壤成賦。中國賜土姓：「祗台德先，不距朕行。」令天子之國以外五百里甸服,當帝堯之時
事件屬性,禹令天子之國以外五百里,,甸服,禹行自冀州始。冀州：既載壺口，治梁及岐。既脩太原，至于嶽陽。覃懷致功，至於衡漳。其土白壤。賦上上錯，田中中，常、衞既從，大陸既為。鳥夷皮服。夾右碣石，入于海。濟、河維沇州：九河既道，雷夏既澤，雍、沮會同，桑土既蠶，於是民得下丘居土。其土黑墳，草繇木條。田中下，賦貞，作十有三年乃同。其貢漆絲，其篚織文。浮於濟、漯，通於河。海岱維青州：堣夷既略，濰、淄其道。其土白墳，海濱廣潟，厥田斥鹵。田上下，賦中上。厥貢鹽絺，海物維錯，岱畎絲、枲、鉛、松、怪石，萊夷為牧，其篚酓絲。浮於汶，通於濟。海岱及淮維徐州：淮、沂其治，蒙、羽其蓺。大野既都，東原厎平。其土赤埴墳，草木漸包。其田上中，賦中中。貢維土五色，羽畎夏狄，嶧陽孤桐，泗濱浮磬，淮夷蠙珠臮魚，其篚玄纖縞。浮于淮、泗，通于河。淮海維揚州：彭蠡既都，陽鳥所居。三江既入，震澤致定。竹箭既布。其草惟夭，其木惟喬，其土塗泥。田下下，賦下上上雜。貢金三品，瑤、琨、竹箭，齒、革、羽、旄，島夷卉服，其篚織貝，其包橘、柚錫貢。均江海，通淮、泗。荊及衡陽維荊州：江、漢朝宗于海。九江甚中，沱、涔已道，雲土、夢為治。其土塗泥。田下中，賦上下。貢羽、旄、齒、革，金三品，杶、榦、栝、柏，礪、砥、砮、丹，維箘簬、楛，三國致貢其名，包匭菁茅，其篚玄纁璣組，九江入賜大龜。浮于江、沱、涔、（于）漢，踰于雒，至于南河。荊河惟豫州：伊、雒、瀍、澗既入于河，滎播既都，道荷澤，被明都。其土壤，下土墳壚。田中上，賦雜上中。貢漆、絲、絺、紵，其篚纖絮，錫貢磬錯。浮於雒，達於河。華陽黑水惟梁州：汶、嶓既蓺，沱、涔既道，蔡、蒙旅平，和夷厎績。其土青驪。田下上，賦下中三錯。貢璆、鐵、銀、鏤、砮、磬，熊、羆、狐、貍、織皮。西傾因桓是來，浮于潛，踰于沔，入于渭，亂于河。黑水西河惟雍州：弱水既西，涇屬渭汭。漆、沮既從，灃水所同。荊、岐已旅，終南、敦物至于鳥鼠。原隰厎績，至于都野。三危既度，三苗大序。其土黃壤。田上上，賦中下。貢璆、琳、琅玕。浮于積石，至于龍門西河，會于渭汭。織皮昆侖、析支、渠搜，西戎即序。道九山：汧及岐至于荊山，踰于河；壺口、雷首至于太嶽；砥柱、析城至于王屋；太行、常山至于碣石，入于海；西傾、朱圉、鳥鼠至于太華；熊耳、外方、桐柏至于負尾；道嶓冢，至于荊山；內方至于大別；汶山之陽至衡山，過九江，至于敷淺原。道九川：弱水至於合黎，餘波入于流沙。道黑水，至于三危，入于南海。道河積石，至于龍門，南至華陰，東至砥柱，又東至于盟津，東過雒汭，至于大邳，北過降水，至于大陸，北播為九河，同為逆河，入于海。嶓冢道瀁，東流為漢，又東為蒼浪之水，過三澨，入于大別，南入于江，東匯澤為彭蠡，東為北江，入于海。汶山道江，東別為沱，又東至于醴，過九江，至于東陵，東迆北會于匯，東為中江，入于海。道沇水，東為濟，入于河，泆為滎，東出陶丘北，又東至于荷，又東北會于汶，又東北入于海。道淮自桐柏，東會于泗、沂，東入于海。道渭自鳥鼠同穴，東會于灃，又東北至于涇，東過漆、沮，入于河。道雒自熊耳，東北會于澗、瀍，又東會于伊，東北入于河。於是九州攸同，四奧既居，九山栞旅，九川滌原，九澤既陂，四海會同。六府甚脩，眾土交正，致慎財賦，咸則三壤成賦。中國賜土姓：「祗台德先，不距朕行。」令天子之國以外五百里甸服,當帝堯之時
政治,百里,緫,賦納,百里賦納緫,當帝堯之時
遞進,百里賦納緫,二百里納銍,，-N,百里賦納緫，二百里納銍,當帝堯之時
政治,二百里,銍,納,二百里納銍,當帝堯之時
遞進,二百里納銍,三百里納秸服,，-N,二百里納銍，三百里納秸服,當帝堯之時
政治,三百里,秸服,納,三百里納秸服,當帝堯之時
遞進,三百里納秸服,四百里粟,，-N,三百里納秸服,當帝堯之時
政治,四百里,,粟,三百里納秸服，四百里粟,當帝堯之時
遞進,四百里粟,五百里米,，-N,四百里粟,當帝堯之時
政治,五百里,,米,四百里粟，五百里米,當帝堯之時
政治,甸服外,,侯服,甸服外五百里侯服,當帝堯之時
事件屬性,甸服外侯服,,五百里,甸服外五百里侯服,當帝堯之時
政治,百里,,采,百里采，,當帝堯之時
遞進,百里采,二百里國,，-N,百里采，二百里任國,當帝堯之時
政治,二百里,,國,二百里任國,當帝堯之時
遞進,二百里國,三百里諸侯,，-N,二百里任國，三百里諸侯,當帝堯之時
政治,三百里,,諸侯,三百里諸侯,當帝堯之時
政治,侯服外,,綏服,侯服外五百里綏服,當帝堯之時
事件屬性,侯服外,,五百里,侯服外五百里綏服,當帝堯之時
政治,三百里,文教,揆,三百里揆文教,當帝堯之時
遞進,三百里揆文教,二百里奮武衞,，-N,三百里揆文教，二百里奮武衞,當帝堯之時
政治,二百里,武衞,奮,二百里奮武衞,當帝堯之時
政治,綏服外,,要服,綏服外五百里要服,當帝堯之時
事件屬性,綏服外,,五百里,綏服外五百里要服,當帝堯之時
政治,三百里,,夷,三百里夷,當帝堯之時
遞進,三百里夷,二百里蔡,，-N,三百里夷，二百里蔡,當帝堯之時
政治,二百里,,蔡,二百里蔡,當帝堯之時
政治,要服外,,荒服,要服外五百里荒服,當帝堯之時
事件屬性,要服外,,五百里,要服外五百里荒服,當帝堯之時
政治,三百里,,蠻,三百里蠻,當帝堯之時
遞進,三百里蠻,,，-N,三百里蠻，二百里流,當帝堯之時
政治,二百里,,流,二百里流,當帝堯之時
遞進,二百里流,,。-N,二百里流。東漸于海,當帝堯之時
空間,東,海,漸于-L,三百里蠻，二百里流。東漸于海，,當帝堯之時
遞進,東漸于海,西被于流沙,，-N,三百里蠻，二百里流。東漸于海，,當帝堯之時
空間,西,流沙,被于-L,三百里蠻，二百里流。東漸于海，西被于流沙，,當帝堯之時
遞進,西被于流沙,朔:南暨,，-N,三百里蠻，二百里流。東漸于海，西被于流沙，,當帝堯之時
政治,朔:南,,暨,三百里蠻，二百里流。東漸于海，西被于流沙，朔、南暨,當帝堯之時
政治,聲教,四海,訖于-L,三百里蠻，二百里流。東漸于海，西被于流沙，朔、南暨：聲教訖于四海。於是帝錫禹玄圭,當帝堯之時
遞進,聲教訖四海,帝錫禹,。於是-N,聲教訖于四海。於是帝錫禹玄圭,當帝堯之時
政治,帝,禹,錫,於是帝錫禹玄圭,當帝堯之時
事件屬性,帝錫禹,,玄圭,於是帝錫禹玄圭，以告成功于天下,當帝堯之時
事件屬性,帝錫禹,,以告成功于天下,於是帝錫禹玄圭，以告成功于天下,當帝堯之時
遞進,帝錫禹,帝告成功,，以-L,於是帝錫禹玄圭，以告成功于天下,當帝堯之時
政治,帝,成功,告,於是帝錫禹玄圭，以告成功于天下,當帝堯之時
事件屬性,帝告成功,,于天下,於是帝錫禹玄圭，以告成功于天下,當帝堯之時
遞進,帝告成功,天下太平治,。-N,於是帝錫禹玄圭，以告成功于天下。天下於是太平治,當帝堯之時
政治,天下,,太平治,天下於是太平治,當帝堯之時
遞進,天下太平治,皋陶作士,。-N,天下於是太平治。皋陶作士以理民,當帝堯之時
政治,皋陶,士,作,天下於是太平治。皋陶作士以理民,當帝堯之時
事件屬性,皋陶作士,,以理民。,天下於是太平治。皋陶作士以理民,當帝堯之時
遞進,皋陶作士,帝舜朝,。-N,皋陶作士以理民。帝舜朝,當帝堯之時
政治,帝舜,,朝,皋陶作士以理民。帝舜朝,當帝堯之時
遞進,帝舜朝,禹:伯夷:皋陶語帝前,，-N,帝舜朝，禹、伯夷、皋陶相與語帝前,當帝堯之時
政治,禹:伯夷:皋陶,帝前,語,帝舜朝，禹、伯夷、皋陶相與語帝前,當帝堯之時
遞進,禹:伯夷:皋陶語帝前,皋陶述謀,。-N,帝舜朝，禹、伯夷、皋陶相與語帝前。皋陶述其謀曰：「信其道德，謀明輔和。」,當帝堯之時
政治,皋陶,謀,述,皋陶述其謀曰：「信其道德，謀明輔和。」,當帝堯之時
事件屬性,皋陶述謀,,信其道德:謀明輔和,皋陶述其謀曰：「信其道德，謀明輔和。」,當帝堯之時
遞進,皋陶述謀,禹曰,。」-N,皋陶述其謀曰：「信其道德，謀明輔和。」禹曰：「然，如何？」,當帝堯之時
政治,禹,,曰,禹曰：「然，如何？」,當帝堯之時
事件屬性,禹曰,,然:如何,禹曰：「然，如何？」,當帝堯之時
遞進,禹曰,皋陶曰,？」-N,禹曰：「然，如何？」皋陶曰：「於！慎其身脩，思長，敦序九族，眾明高翼，近可遠在已。」,當帝堯之時
政治,皋陶,,曰,皋陶曰：「於！慎其身脩，思長，敦序九族，眾明高翼，近可遠在已。」,當帝堯之時
事件屬性,皋陶曰,,於:慎其身脩:思長:敦序九族:眾明高翼:近可遠在已,如何？」皋陶曰：「於！慎其身脩，思長，敦序九族，眾明高翼，近可遠在已。」,當帝堯之時
遞進,皋陶曰,禹拜美言,。」-N,皋陶曰：「於！慎其身脩，思長，敦序九族，眾明高翼，近可遠在已。」禹拜美言，曰：「然。」,當帝堯之時
政治,禹,美言,拜,禹拜美言，曰：「然。」,當帝堯之時
事件屬性,禹拜美言,,然,禹拜美言，曰：「然。」,當帝堯之時
遞進,禹拜美言,皋陶曰,。」-N,禹拜美言，曰：「然。」皋陶曰：「於！在知人，在安民。」,當帝堯之時
政治,皋陶,,曰,皋陶曰：「於！在知人，在安民。」,當帝堯之時
事件屬性,皋陶曰,,於:在知人:在安民,皋陶曰：「於！在知人，在安民。」,當帝堯之時
遞進,皋陶曰,禹曰,。」-N,皋陶曰：「於！在知人，在安民。」禹曰：「吁！皆若是，惟帝其難之。知人則智，能官人；能安民則惠，黎民懷之。能知能惠，何憂乎驩兜，何遷乎有苗，何畏乎巧言善色佞人？」,當帝堯之時
政治,禹,,曰,禹曰：「吁！皆若是，惟帝其難之。知人則智，能官人；能安民則惠，黎民懷之。能知能惠，何憂乎驩兜，何遷乎有苗，何畏乎巧言善色佞人？」,當帝堯之時
事件屬性,禹曰,,吁:皆若是:惟帝其難之:知人則智:能官人:能安民則惠:黎民懷之:能知能惠:何憂乎驩兜:何遷乎有苗:何畏乎巧言善色佞人,禹曰：「吁！皆若是，惟帝其難之。知人則智，能官人；能安民則惠，黎民懷之。能知能惠，何憂乎驩兜，何遷乎有苗，何畏乎巧言善色佞人？」,當帝堯之時
遞進,禹曰,皋陶曰,？」-N,禹曰：「吁！皆若是，惟帝其難之。知人則智，能官人；能安民則惠，黎民懷之。能知能惠，何憂乎驩兜，何遷乎有苗，何畏乎巧言善色佞人？」皋陶曰：「然，於！亦行有九德，亦言其有德。」,當帝堯之時
政治,皋陶,,曰,皋陶曰：「然，於！亦行有九德，亦言其有德。」,當帝堯之時
事件屬性,皋陶曰,,然:於:亦行有九德:亦言其有德,皋陶曰：「然，於！亦行有九德，亦言其有德。」,當帝堯之時
遞進,皋陶曰,皋陶乃言曰,。」-N,皋陶曰：「然，於！亦行有九德，亦言其有德。」乃言曰：「始事事，寬而栗，柔而立，愿而共，治而敬，擾而毅，直而溫，簡而廉，剛而實，彊而義，章其有常，吉哉。日宣三德，蚤夜翊明有家。日嚴振敬六德，亮采有國。翕受普施，九德咸事，俊乂在官，百吏肅謹。毋教邪淫奇謀。非其人居其官，是謂亂天事。天討有辠，五刑五用哉。吾言厎可行乎？」,當帝堯之時
政治,皋陶,,乃言曰,皋陶曰：「然，於！亦行有九德，亦言其有德。」乃言曰：「始事事，寬而栗，柔而立，愿而共，治而敬，擾而毅，直而溫，簡而廉，剛而實，彊而義，章其有常，吉哉。日宣三德，蚤夜翊明有家。日嚴振敬六德，亮采有國。翕受普施，九德咸事，俊乂在官，百吏肅謹。毋教邪淫奇謀。非其人居其官，是謂亂天事。天討有辠，五刑五用哉。吾言厎可行乎？」,當帝堯之時
事件屬性,皋陶乃言曰,,始事事:寬而栗:柔而立:愿而共:治而敬:擾而毅:直而溫:簡而廉:剛而實:彊而義:章其有常:吉哉:日宣三德:蚤夜翊明有家:日嚴振敬六德:亮采有國:翕受普施:九德咸事:俊乂在官:百吏肅謹:毋教邪淫奇謀:非其人居其官:是謂亂天事:天討有辠:五刑五用哉:吾言厎可行乎,皋陶曰：「然，於！亦行有九德，亦言其有德。」乃言曰：「始事事，寬而栗，柔而立，愿而共，治而敬，擾而毅，直而溫，簡而廉，剛而實，彊而義，章其有常，吉哉。日宣三德，蚤夜翊明有家。日嚴振敬六德，亮采有國。翕受普施，九德咸事，俊乂在官，百吏肅謹。毋教邪淫奇謀。非其人居其官，是謂亂天事。天討有辠，五刑五用哉。吾言厎可行乎？」,當帝堯之時
遞進,皋陶乃言曰,禹曰,？」-N,皋陶曰：「然，於！亦行有九德，亦言其有德。」乃言曰：「始事事，寬而栗，柔而立，愿而共，治而敬，擾而毅，直而溫，簡而廉，剛而實，彊而義，章其有常，吉哉。日宣三德，蚤夜翊明有家。日嚴振敬六德，亮采有國。翕受普施，九德咸事，俊乂在官，百吏肅謹。毋教邪淫奇謀。非其人居其官，是謂亂天事。天討有辠，五刑五用哉。吾言厎可行乎？」禹曰：「女言致可績行。」,當帝堯之時
政治,禹,,曰,禹曰：「女言致可績行。」,當帝堯之時
事件屬性,禹曰,,女言致可績行,禹曰：「女言致可績行。」,當帝堯之時
遞進,禹曰,皋陶曰,。」-N,皋陶曰：「余未有知，思贊道哉。」,當帝堯之時
政治,皋陶,,曰,皋陶曰：「余未有知，思贊道哉。」,當帝堯之時
事件屬性,皋陶曰,,余未有知:思贊道哉,皋陶曰：「余未有知，思贊道哉。」,當帝堯之時
遞進,皋陶哉,帝舜謂禹,。」-N,皋陶曰：「余未有知，思贊道哉。」帝舜謂禹曰：「女亦昌言。」,當帝堯之時
政治,帝舜,禹,謂,帝舜謂禹曰：「女亦昌言。」,當帝堯之時
事件屬性,帝舜謂禹,,女亦昌言,帝舜謂禹曰：「女亦昌言。」,當帝堯之時
遞進,帝舜謂禹,禹拜,。」-N,帝舜謂禹曰：「女亦昌言。」禹拜曰：「於，予何言！予思日孳孳。」,當帝堯之時
政治,禹,,拜,禹拜曰：「於，予何言！予思日孳孳。」,當帝堯之時
事件屬性,禹拜,,於:予何言:予思日孳孳,禹拜曰：「於，予何言！予思日孳孳。」,當帝堯之時
遞進,禹拜,皋陶難禹,。」-N,禹拜曰：「於，予何言！予思日孳孳。」皋陶難禹曰：「何謂孳孳？」,當帝堯之時
政治,皋陶,禹,難,皋陶難禹曰：「何謂孳孳？」,當帝堯之時
事件屬性,皋陶難禹,,何謂孳孳,皋陶難禹曰：「何謂孳孳？」,當帝堯之時
遞進,皋陶難禹,禹曰,？」-N,皋陶難禹曰：「何謂孳孳？」禹曰：「鴻水滔天，浩浩懷山襄陵，下民皆服於水。予陸行乘車，水行乘舟，泥行乘橇，山行乘檋，行山栞木。與益予眾庶稻鮮食。以決九川致四海，浚畎澮致之川。與稷予眾庶難得之食。食少，調有餘補不足，徙居。眾民乃定，萬國為治。」,當帝堯之時
政治,禹,,曰,禹曰：「鴻水滔天，浩浩懷山襄陵，下民皆服於水。予陸行乘車，水行乘舟，泥行乘橇，山行乘檋，行山栞木。與益予眾庶稻鮮食。以決九川致四海，浚畎澮致之川。與稷予眾庶難得之食。食少，調有餘補不足，徙居。眾民乃定，萬國為治。」,當帝堯之時
事件屬性,禹曰,,鴻水滔天:浩浩懷山襄陵:下民皆服於水:予陸行乘車:水行乘舟:泥行乘橇:山行乘檋:行山栞木:與益予眾庶稻鮮食:以決九川致四海:浚畎澮致之川:與稷予眾庶難得之食:食少:調有餘補不足:徙居:眾民乃定:萬國為治,禹曰：「鴻水滔天，浩浩懷山襄陵，下民皆服於水。予陸行乘車，水行乘舟，泥行乘橇，山行乘檋，行山栞木。與益予眾庶稻鮮食。以決九川致四海，浚畎澮致之川。與稷予眾庶難得之食。食少，調有餘補不足，徙居。眾民乃定，萬國為治。」,當帝堯之時
遞進,禹曰,皋陶曰,。」-N,禹曰：「鴻水滔天，浩浩懷山襄陵，下民皆服於水。予陸行乘車，水行乘舟，泥行乘橇，山行乘檋，行山栞木。與益予眾庶稻鮮食。以決九川致四海，浚畎澮致之川。與稷予眾庶難得之食。食少，調有餘補不足，徙居。眾民乃定，萬國為治。」皋陶曰：「然，此而美也。」,當帝堯之時
政治,皋陶,,曰,皋陶曰：「然，此而美也。」,當帝堯之時
事件屬性,皋陶,,然:此而美也,皋陶曰：「然，此而美也。」,當帝堯之時
遞進,皋陶曰,禹曰,。」-N,皋陶曰：「然，此而美也。」禹曰：「於，帝！慎乃在位，安爾止。輔德，天下大應。清意以昭待上帝命，天其重命用休。」,當帝堯之時
政治,禹,,曰,禹曰：「於，帝！慎乃在位，安爾止。輔德，天下大應。清意以昭待上帝命，天其重命用休。」,當帝堯之時
事件屬性,禹曰,,於:帝:慎乃在位:安爾止:輔德:天下大應:清意以昭待上帝命:天其重命用休,禹曰：「於，帝！慎乃在位，安爾止。輔德，天下大應。清意以昭待上帝命，天其重命用休。」,當帝堯之時
遞進,禹曰,帝曰,。」-N,禹曰：「於，帝！慎乃在位，安爾止。輔德，天下大應。清意以昭待上帝命，天其重命用休。」帝曰：「吁，臣哉，臣哉！臣作朕股肱耳目。予欲左右有民，女輔之。余欲觀古人之象。日月星辰，作文繡服色，女明之。予欲聞六律五聲八音，來始滑，以出入五言，女聽。予即辟，女匡拂予。女無面諛。退而謗予。敬四輔臣。諸眾讒嬖臣，君德誠施皆清矣。」,當帝堯之時
政治,帝,,曰,帝曰：「吁，臣哉，臣哉！臣作朕股肱耳目。予欲左右有民，女輔之。余欲觀古人之象。日月星辰，作文繡服色，女明之。予欲聞六律五聲八音，來始滑，以出入五言，女聽。予即辟，女匡拂予。女無面諛。退而謗予。敬四輔臣。諸眾讒嬖臣，君德誠施皆清矣。」,當帝堯之時
事件屬性,帝曰,,吁:臣哉:臣哉:臣作朕股肱耳目:予欲左右有民:女輔之:余欲觀古人之象:日月星辰:作文繡服色:女明之:予欲聞六律五聲八音:來始滑:以出入五言:女聽:予即辟:女匡拂予:女無面諛:退而謗予:敬四輔臣:諸眾讒嬖臣:君德誠施皆清矣,帝曰：「吁，臣哉，臣哉！臣作朕股肱耳目。予欲左右有民，女輔之。余欲觀古人之象。日月星辰，作文繡服色，女明之。予欲聞六律五聲八音，來始滑，以出入五言，女聽。予即辟，女匡拂予。女無面諛。退而謗予。敬四輔臣。諸眾讒嬖臣，君德誠施皆清矣。」,當帝堯之時
遞進,帝曰,禹曰,。」-N,帝曰：「吁，臣哉，臣哉！臣作朕股肱耳目。予欲左右有民，女輔之。余欲觀古人之象。日月星辰，作文繡服色，女明之。予欲聞六律五聲八音，來始滑，以出入五言，女聽。予即辟，女匡拂予。女無面諛。退而謗予。敬四輔臣。諸眾讒嬖臣，君德誠施皆清矣。」禹曰：「然。帝即不時，布同善惡則毋功。」,當帝堯之時
政治,禹,,曰,禹曰：「然。帝即不時，布同善惡則毋功。」,當帝堯之時
事件屬性,禹曰,,然:帝即不時:布同善惡則毋功,禹曰：「然。帝即不時，布同善惡則毋功。」,當帝堯之時
遞進,禹曰,帝曰,。」-N,禹曰：「然。帝即不時，布同善惡則毋功。」帝曰：「毋若丹朱傲，維慢游是好，毋水行舟，朋淫于家，用絕其世。予不能順是。」,當帝堯之時
政治,帝,,曰,帝曰：「毋若丹朱傲，維慢游是好，毋水行舟，朋淫于家，用絕其世。予不能順是。」,當帝堯之時
事件屬性,帝曰,,毋若丹朱傲:維慢游是好:毋水行舟:朋淫于家:用絕其世:予不能順是,帝曰：「毋若丹朱傲，維慢游是好，毋水行舟，朋淫于家，用絕其世。予不能順是。」,當帝堯之時
遞進,帝曰,禹曰,。」-N,帝曰：「毋若丹朱傲，維慢游是好，毋水行舟，朋淫于家，用絕其世。予不能順是。」禹曰：「予（辛壬）娶塗山，〔辛壬〕癸甲，生啟予不子，以故能成水土功。輔成五服，至于五千里，州十二師，外薄四海，咸建五長，各道有功。苗頑不即功，帝其念哉。」,當帝堯之時
政治,禹,,曰,禹曰：「予（辛壬）娶塗山，〔辛壬〕癸甲，生啟予不子，以故能成水土功。輔成五服，至于五千里，州十二師，外薄四海，咸建五長，各道有功。苗頑不即功，帝其念哉。」,當帝堯之時
事件屬性,禹,,予（辛壬）娶塗山:〔辛壬〕癸甲:生啟予不子:以故能成水土功:輔成五服:至于五千里:州十二師:外薄四海:咸建五長:各道有功:苗頑不即功:帝其念哉,禹曰：「予（辛壬）娶塗山，〔辛壬〕癸甲，生啟予不子，以故能成水土功。輔成五服，至于五千里，州十二師，外薄四海，咸建五長，各道有功。苗頑不即功，帝其念哉。」,當帝堯之時
遞進,禹曰,帝曰,。」-N,禹曰：「予（辛壬）娶塗山，〔辛壬〕癸甲，生啟予不子，以故能成水土功。輔成五服，至于五千里，州十二師，外薄四海，咸建五長，各道有功。苗頑不即功，帝其念哉。」帝曰：「道吾德，乃女功序之也。」,當帝堯之時
政治,帝,,曰,帝曰：「道吾德，乃女功序之也。」,當帝堯之時
事件屬性,帝曰,,道吾德:乃女功序之也,帝曰：「道吾德，乃女功序之也。」,當帝堯之時
因果,帝曰,皋陶敬禹之德,。」-N,帝曰：「道吾德，乃女功序之也。」皋陶於是敬禹之德,當帝堯之時
政治,皋陶,禹之德,敬,皋陶於是敬禹之德,當帝堯之時
遞進,皋陶敬禹之德,皋陶令民,，-N,皋陶於是敬禹之德，令民皆則禹,當帝堯之時
政治,皋陶,民,令,皋陶於是敬禹之德，令民皆則禹,當帝堯之時
事件屬性,皋陶令民,,則禹,皋陶於是敬禹之德，令民皆則禹,當帝堯之時
遞進,皋陶令民,民不如言,。-N,令民皆則禹。不如言,當帝堯之時
政治,民,言,不如,令民皆則禹。不如言,當帝堯之時
遞進,民不如言,刑從民,，-N,令民皆則禹。不如言，刑從之,當帝堯之時
政治,刑,民,從,令民皆則禹。不如言，刑從之,當帝堯之時
遞進,刑從民,舜德大明,。-N,令民皆則禹。不如言，刑從之。舜德大明,當帝堯之時
政治,舜德,,大明,舜德大明,當帝堯之時
因果,舜德大明,夔行樂,。於是-N,舜德大明。於是夔行樂,當帝堯之時
政治,夔,樂,行,於是夔行樂,當帝堯之時
遞進,夔行樂,祖考至,，-N,舜德大明。於是夔行樂，祖考至,當帝堯之時
空間,祖考,,至,舜德大明。於是夔行樂，祖考至,當帝堯之時
遞進,祖考至,羣后相讓,，-N,舜德大明。於是夔行樂，祖考至，羣后相讓,當帝堯之時
社交,羣后,,相讓,舜德大明。於是夔行樂，祖考至，羣后相讓,當帝堯之時
遞進,羣后相讓,鳥獸翔舞,，-N,舜德大明。於是夔行樂，祖考至，羣后相讓，鳥獸翔舞,當帝堯之時
政治,鳥獸,,翔舞,舜德大明。於是夔行樂，祖考至，羣后相讓，鳥獸翔舞,當帝堯之時
遞進,鳥獸翔舞,簫韶九成,，-N,舜德大明。於是夔行樂，祖考至，羣后相讓，鳥獸翔舞，簫韶九成,當帝堯之時
政治,簫韶,,九成,舜德大明。於是夔行樂，祖考至，羣后相讓，鳥獸翔舞，簫韶九成,當帝堯之時
遞進,簫韶九成,鳳皇來儀,，-N,舜德大明。於是夔行樂，祖考至，羣后相讓，鳥獸翔舞，簫韶九成，鳳皇來儀,當帝堯之時
政治,鳳皇,,來儀,舜德大明。於是夔行樂，祖考至，羣后相讓，鳥獸翔舞，簫韶九成，鳳皇來儀,當帝堯之時
遞進,鳳皇來儀,百獸率舞,，-N,舜德大明。於是夔行樂，祖考至，羣后相讓，鳥獸翔舞，簫韶九成，鳳皇來儀，百獸率舞,當帝堯之時
政治,百獸,,率舞,舜德大明。於是夔行樂，祖考至，羣后相讓，鳥獸翔舞，簫韶九成，鳳皇來儀，百獸率舞,當帝堯之時
遞進,百獸率舞,百官信諧,，-N,舜德大明。於是夔行樂，祖考至，羣后相讓，鳥獸翔舞，簫韶九成，鳳皇來儀，百獸率舞，百官信諧,當帝堯之時
政治,百官,,信諧,舜德大明。於是夔行樂，祖考至，羣后相讓，鳥獸翔舞，簫韶九成，鳳皇來儀，百獸率舞，百官信諧,當帝堯之時
遞進,百官信諧,帝作歌,。-N,百官信諧。帝用此作歌曰：「陟天之命，維時維幾。」,當帝堯之時
行爲,帝,歌,作,帝用此作歌曰：「陟天之命，維時維幾。」,當帝堯之時
事件屬性,帝作歌,,用此,帝用此作歌曰：「陟天之命，維時維幾。」,當帝堯之時
事件屬性,帝作歌,,陟天之命:維時維幾,帝用此作歌曰：「陟天之命，維時維幾。」,當帝堯之時
遞進,帝作歌,帝歌曰,。」-N,帝用此作歌曰：「陟天之命，維時維幾。」乃歌曰：「股肱喜哉，元首起哉，百工熙哉！」,當帝堯之時
政治,帝歌,,曰,帝用此作歌曰：「陟天之命，維時維幾。」乃歌曰：「股肱喜哉，元首起哉，百工熙哉！」,當帝堯之時
事件屬性,帝歌曰,,股肱喜哉:元首起哉:百工熙哉,帝用此作歌曰：「陟天之命，維時維幾。」乃歌曰：「股肱喜哉，元首起哉，百工熙哉！」,當帝堯之時
遞進,帝歌曰,皋陶揚言曰,！」-N,帝用此作歌曰：「陟天之命，維時維幾。」乃歌曰：「股肱喜哉，元首起哉，百工熙哉！」皋陶拜手稽首揚言曰：「念哉，率為興事，慎乃憲，敬哉！」,當帝堯之時
政治,皋陶,,揚言曰,皋陶拜手稽首揚言曰：「念哉，率為興事，慎乃憲，敬哉！」,當帝堯之時
事件屬性,皋陶揚言曰,,拜手稽首,皋陶拜手稽首揚言曰：「念哉，率為興事，慎乃憲，敬哉！」,當帝堯之時
事件屬性,皋陶揚言曰,,念哉:率為興事:慎乃憲:敬哉,皋陶拜手稽首揚言曰：「念哉，率為興事，慎乃憲，敬哉！」,當帝堯之時
遞進,皋陶揚言曰,皋陶更為歌,！」乃-N,皋陶拜手稽首揚言曰：「念哉，率為興事，慎乃憲，敬哉！」乃更為歌曰：「元首明哉，股肱良哉，庶事康哉！」,當帝堯之時
政治,皋陶,,更為歌,乃更為歌曰：「元首明哉，股肱良哉，庶事康哉！」,當帝堯之時
事件屬性,皋陶更為歌,,元首明哉:股肱良哉:庶事康哉,乃更為歌曰：「元首明哉，股肱良哉，庶事康哉！」,當帝堯之時
遞進,皋陶更為歌,帝拜,！」-N,乃更為歌曰：「元首明哉，股肱良哉，庶事康哉！」帝拜曰：「然，往欽哉！」,當帝堯之時
政治,帝,,拜,帝拜曰：「然，往欽哉！」,當帝堯之時
事件屬性,帝拜,,然:往欽哉,帝拜曰：「然，往欽哉！」,當帝堯之時
遞進,帝拜,天下宗禹,！」於是-N,帝拜曰：「然，往欽哉！」於是天下皆宗禹之明度數聲樂,當帝堯之時
政治,天下,禹,宗,於是天下皆宗禹之明度數聲樂,當帝堯之時
事件屬性,天下宗禹,,禹之明度數聲樂,於是天下皆宗禹之明度數聲樂,當帝堯之時
屬性,禹,山川神主,為,於是天下皆宗禹之明度數聲樂，為山川神主,當帝堯之時
遞進,天下宗禹,帝舜薦禹,。-N,於是天下皆宗禹之明度數聲樂，為山川神主。帝舜薦禹於天,當帝堯之時
政治,帝舜,禹,薦,帝舜薦禹於天,當帝堯之時
事件屬性,帝舜薦禹,,於天,帝舜薦禹於天,當帝堯之時
事件屬性,帝舜薦禹,,為嗣,帝舜薦禹於天，為嗣,當帝堯之時
遞進,帝舜薦禹,帝舜崩,。-N,帝舜薦禹於天，為嗣。十七年而帝舜崩,當帝堯之時
生命,帝舜,,崩,十七年而帝舜崩,當帝堯之時
事件屬性,帝舜崩,,十七年,十七年而帝舜崩,帝禹
遞進,帝舜崩,禹辭辟商均,。-N,十七年而帝舜崩。三年喪畢，禹辭辟舜之子商均於陽城,帝禹
政治,禹,商均,辭辟,三年喪畢，禹辭辟舜之子商均於陽城,帝禹
事件屬性,禹辭辟商均,陽城,於-L,三年喪畢，禹辭辟舜之子商均於陽城,帝禹
生命,舜,商均,子,禹辭辟舜之子商均於陽城,帝禹
遞進,禹辭辟商均,天下諸侯去商均,。-N,禹辭辟舜之子商均於陽城。天下諸侯皆去商均而朝禹,帝禹
政治,天下諸侯,商均,去,天下諸侯皆去商均而朝禹,帝禹
遞進,天下諸侯去商均,天下諸侯朝禹,而-N,天下諸侯皆去商均而朝禹,帝禹
政治,天下諸侯,禹,朝,天下諸侯皆去商均而朝禹,帝禹
遞進,天下諸侯朝禹,禹即天子位,。-N,天下諸侯皆去商均而朝禹。禹於是遂即天子位,帝禹
政治,禹,天子位,即,禹於是遂即天子位,帝禹
遞進,禹即天子位,禹南面朝天下,，-N,禹於是遂即天子位，南面朝天下,帝禹
政治,禹,天下,南面朝,禹於是遂即天子位，南面朝天下,帝禹
遞進,禹南面朝天下,國號曰夏后,，-N,禹於是遂即天子位，南面朝天下，國號曰夏后,帝禹
政治,國號,夏后,曰,國號曰夏后,帝禹
遞進,國號曰夏后,禹姓姒氏,，-N,禹於是遂即天子位，南面朝天下，國號曰夏后，姓姒氏,帝禹
政治,禹,姒氏,姓,禹於是遂即天子位，南面朝天下，國號曰夏后，姓姒氏,帝禹
政治,帝禹,,立,帝禹立而舉皋陶薦之,帝禹
遞進,帝禹立,帝禹舉皋陶,而-N,帝禹立而舉皋陶薦之,帝禹
政治,帝禹,皋陶,舉,帝禹立而舉皋陶薦之,帝禹
事件屬性,帝禹舉皋陶,,薦之,帝禹立而舉皋陶薦之,帝禹
遞進,帝禹舉皋陶,帝禹授政皋陶,，且-N,帝禹立而舉皋陶薦之，且授政焉,帝禹
政治,帝禹,皋陶,授政,帝禹立而舉皋陶薦之，且授政焉,帝禹
轉折,帝禹授政皋陶,皋陶卒,，而-N,帝禹立而舉皋陶薦之，且授政焉，而皋陶卒,帝禹
生命,皋陶,,卒,而皋陶卒,帝禹
遞進,皋陶卒,帝禹封皋陶之後,。-N,帝禹立而舉皋陶薦之，且授政焉，而皋陶卒。封皋陶之後於英、六,帝禹
政治,帝禹,皋陶之後,封,帝禹立而舉皋陶薦之，且授政焉，而皋陶卒。封皋陶之後於英、六,帝禹
事件屬性,帝禹封皋陶之後,英:六,於-L,帝禹立而舉皋陶薦之，且授政焉，而皋陶卒。封皋陶之後於英、六,帝禹
事件屬性,帝禹封皋陶之後,許,或在-L,帝禹立而舉皋陶薦之，且授政焉，而皋陶卒。封皋陶之後於英、六，或在許,帝禹
遞進,帝禹封皋陶之後,帝禹舉益,。而后-N,帝禹立而舉皋陶薦之，且授政焉，而皋陶卒。封皋陶之後於英、六，或在許。而后舉益,帝禹
政治,帝禹,益,舉,帝禹立而舉皋陶薦之，且授政焉，而皋陶卒。封皋陶之後於英、六，或在許。而后舉益,帝禹
遞進,帝禹舉益,,，-N,帝禹立而舉皋陶薦之，且授政焉，而皋陶卒。封皋陶之後於英、六，或在許。而后舉益。十年，帝禹東巡狩,帝禹
政治,帝禹,,東巡狩,十年，帝禹東巡狩,帝禹
事件屬性,帝禹東巡狩,,十年,十年，帝禹東巡狩,帝禹
遞進,帝禹東巡狩,帝禹至于會稽,，-N,十年，帝禹東巡狩，至于會稽而崩,帝禹
空間,帝禹,會稽,至于,十年，帝禹東巡狩，至于會稽而崩,帝禹
遞進,帝禹至于會稽,帝禹崩,而-N,十年，帝禹東巡狩，至于會稽而崩,帝禹
生命,帝禹,,崩,十年，帝禹東巡狩，至于會稽而崩,帝禹
遞進,帝禹崩,帝禹授益,。-N,十年，帝禹東巡狩，至于會稽而崩。以天下授益,帝禹
政治,帝禹,益,授,十年，帝禹東巡狩，至于會稽而崩。以天下授益,帝禹
事件屬性,帝禹授益,,以天下,十年，帝禹東巡狩，至于會稽而崩。以天下授益,帝禹
遞進,帝禹授益,益讓啟,。-N,十年，帝禹東巡狩，至于會稽而崩。以天下授益。三年之喪畢，益讓帝禹之子啟,帝禹
政治,益,啟,讓,十年，帝禹東巡狩，至于會稽而崩。以天下授益。三年之喪畢，益讓帝禹之子啟,帝禹
事件屬性,益讓啟,,三年之喪畢,十年，帝禹東巡狩，至于會稽而崩。以天下授益。三年之喪畢，益讓帝禹之子啟,帝禹
生命,帝禹,啟,子,益讓帝禹之子啟,帝禹
遞進,益讓啟,益辟居箕山之陽,，而-N,以天下授益。三年之喪畢，益讓帝禹之子啟，而辟居箕山之陽,帝禹
政治,益,箕山之陽,辟居-L,三年之喪畢，益讓帝禹之子啟，而辟居箕山之陽,帝禹
生命,禹,啟,子,禹子啟賢，天下屬意焉,帝禹
政治,啟,,賢,禹子啟賢，天下屬意焉,帝禹
遞進,啟賢,天下屬意啟,，-N,禹子啟賢，天下屬意焉,帝禹
社交,天下,啟,屬意,禹子啟賢，天下屬意焉,帝禹
遞進,天下屬意啟,禹崩,。及-N,禹子啟賢，天下屬意焉。及禹崩,帝禹
生命,禹,,崩,禹子啟賢，天下屬意焉。及禹崩,帝禹
遞進,禹崩,禹授益,，-N,禹子啟賢，天下屬意焉。及禹崩，雖授益,帝禹
政治,禹,益,授,禹子啟賢，天下屬意焉。及禹崩，雖授益,帝禹
事件屬性,禹授益,,天下,禹子啟賢，天下屬意焉。及禹崩，雖授益,帝禹
遞進,禹授益,益佐禹,，-N,禹子啟賢，天下屬意焉。及禹崩，雖授益，益之佐禹日淺,帝禹
政治,益,禹,佐,雖授益，益之佐禹日淺,帝禹
事件屬性,益佐禹,,日淺,雖授益，益之佐禹日淺,帝禹
遞進,益佐禹,天下未洽,，-N,益之佐禹日淺，天下未洽,帝禹
政治,天下,,未洽,天下未洽,帝禹
因果,天下未洽,,。-N,天下未洽,帝禹
因果,天下未洽,諸侯去益,。-N,天下未洽。諸侯皆去益而朝啟,帝禹
政治,諸侯,益,去,諸侯皆去益而朝啟,帝禹
遞進,諸侯去益,諸侯朝啟,而-N,諸侯皆去益而朝啟,帝禹
政治,諸侯,啟,朝,諸侯皆去益而朝啟,帝禹
遞進,諸侯朝啟,諸侯曰,，-N,諸侯皆去益而朝啟，曰「吾君帝禹之子也」,帝禹
政治,諸侯,,曰,諸侯皆去益而朝啟，曰「吾君帝禹之子也」,帝禹
事件屬性,諸侯曰,,吾君帝禹之子也,諸侯皆去益而朝啟，曰「吾君帝禹之子也」,帝禹
遞進,諸侯也,啟即天子之位,。於是-N,諸侯皆去益而朝啟，曰「吾君帝禹之子也」。於是啟遂即天子之位,帝禹
政治,啟,天子之位,即,於是啟遂即天子之位，是為夏后帝啟,帝啟
屬性,啟,夏后帝啟,是為,於是啟遂即天子之位，是為夏后帝啟,帝啟
生命,禹,夏后帝啟,子,夏后帝啟，禹之子，其母塗山氏之女也。,帝啟
屬性,夏后帝啟,塗山氏之女,母,夏后帝啟，禹之子，其母塗山氏之女也。,帝啟
政治,有扈氏,,不服,有扈氏不服,帝啟
遞進,有扈氏不服,啟伐有扈氏,，-N,有扈氏不服，啟伐之,帝啟
戰爭,啟,有扈氏,伐,有扈氏不服，啟伐之,帝啟
遞進,啟伐有扈氏,啟大戰有扈氏,，-N,有扈氏不服，啟伐之，大戰於甘,帝啟
戰爭,啟,有扈氏,大戰,有扈氏不服，啟伐之，大戰於甘,帝啟
事件屬性,啟大戰有扈氏,甘,於-L,有扈氏不服，啟伐之，大戰於甘,帝啟
遞進,啟大戰有扈氏,啟將戰,。-N,有扈氏不服，啟伐之，大戰於甘。將戰,帝啟
戰爭,啟,,將戰,有扈氏不服，啟伐之，大戰於甘。將戰,帝啟
遞進,啟將戰,啟作甘誓,，-N,有扈氏不服，啟伐之，大戰於甘。將戰，作甘誓,帝啟
動作,啟,甘誓,作,有扈氏不服，啟伐之，大戰於甘。將戰，作甘誓,帝啟
遞進,啟之六卿,啟召六卿,，乃-N,有扈氏不服，啟伐之，大戰於甘。將戰，作甘誓，乃召六卿申之,帝啟
政治,啟,六卿,召,有扈氏不服，啟伐之，大戰於甘。將戰，作甘誓，乃召六卿申之,帝啟
事件屬性,啟召六卿,,申之,有扈氏不服，啟伐之，大戰於甘。將戰，作甘誓，乃召六卿申之,帝啟
政治,六卿,甘誓,申,作甘誓，乃召六卿申之,帝啟
遞進,啟召六卿,啟曰,。-N,啟伐之，大戰於甘。將戰，作甘誓，乃召六卿申之。啟曰：「嗟！六事之人，予誓告女：有扈氏威侮五行，怠棄三正，天用勦絕其命。左不攻于左，右不攻于右，女不共命。御非其馬之政，女不共命。用命，賞于祖；不用命，僇于社，予則帑僇女。」,帝啟
政治,啟,,曰,啟曰：「嗟！六事之人，予誓告女：有扈氏威侮五行，怠棄三正，天用勦絕其命。左不攻于左，右不攻于右，女不共命。御非其馬之政，女不共命。用命，賞于祖；不用命，僇于社，予則帑僇女。」,帝啟
事件屬性,啟曰,,嗟:六事之人:予誓告女：有扈氏威侮五行:怠棄三正:天用勦絕其命:左不攻于左:右不攻于右:女不共命:御非其馬之政:女不共命:用命:賞于祖:不用命:僇于社:予則帑僇女,啟曰：「嗟！六事之人，予誓告女：有扈氏威侮五行，怠棄三正，天用勦絕其命。左不攻于左，右不攻于右，女不共命。御非其馬之政，女不共命。用命，賞于祖；不用命，僇于社，予則帑僇女。」,帝啟
遞進,啟曰,啟滅有扈氏,。」遂-N,啟曰：「嗟！六事之人，予誓告女：有扈氏威侮五行，怠棄三正，天用勦絕其命。左不攻于左，右不攻于右，女不共命。御非其馬之政，女不共命。用命，賞于祖；不用命，僇于社，予則帑僇女。」遂滅有扈氏,帝啟
戰爭,啟,有扈氏,滅,啟曰：「嗟！六事之人，予誓告女：有扈氏威侮五行，怠棄三正，天用勦絕其命。左不攻于左，右不攻于右，女不共命。御非其馬之政，女不共命。用命，賞于祖；不用命，僇于社，予則帑僇女。」遂滅有扈氏,帝啟
遞進,啟滅有扈氏,天下咸朝啟,。-N,啟曰：「嗟！六事之人，予誓告女：有扈氏威侮五行，怠棄三正，天用勦絕其命。左不攻于左，右不攻于右，女不共命。御非其馬之政，女不共命。用命，賞于祖；不用命，僇于社，予則帑僇女。」遂滅有扈氏。天下咸朝,帝啟
政治,天下,啟,咸朝,啟曰：「嗟！六事之人，予誓告女：有扈氏威侮五行，怠棄三正，天用勦絕其命。左不攻于左，右不攻于右，女不共命。御非其馬之政，女不共命。用命，賞于祖；不用命，僇于社，予則帑僇女。」遂滅有扈氏。天下咸朝。,帝啟
生命,夏后帝啟,,崩,夏后帝啟崩,帝啟
遞進,夏后帝啟崩,立帝太康,，-N,夏后帝啟崩，子帝太康立,帝太康
生命,夏后帝啟,帝太康,子,夏后帝啟崩，子帝太康立,帝太康
政治,帝太康,,立,子帝太康立,帝太康
政治,帝太康,國,失,帝太康失國,帝太康
遞進,帝太康失國,昆弟五人須于洛汭,，-N,帝太康失國，昆弟五人，須于洛汭,帝太康
政治,昆弟五人,洛汭,須于-L,昆弟五人，須于洛汭,帝太康
遞進,昆弟五人須于洛汭,昆弟五人作五子之歌,，-N,昆弟五人，須于洛汭，作五子之歌,帝太康
動作,昆弟五人,五子之歌,作,昆弟五人，須于洛汭，作五子之歌,帝太康
生命,太康,,崩,太康崩,帝太康
遞進,太康崩,中康立,，-N,太康崩，弟中康立,帝太康
生命,太康,中康,弟,太康崩，弟中康立,帝太康
政治,中康,,立,弟中康立,帝太康
屬性,中康,帝中康,是為,弟中康立，是為帝中康,帝太康
政治,羲:和,,湎淫,帝中康時，羲、和湎淫,帝中康時
遞進,羲:和湎淫,羲:和廢時亂日,，-N,帝中康時，羲、和湎淫，廢時亂日,帝中康時
政治,羲:和,,廢時亂日,帝中康時，羲、和湎淫，廢時亂日,帝中康時
遞進,羲:和廢時亂日,胤往征羲:和,。-N,帝中康時，羲、和湎淫，廢時亂日。胤往征之,帝中康時
戰爭,胤,羲:和,往征,帝中康時，羲、和湎淫，廢時亂日。胤往征之,帝中康時
遞進,胤往征羲:和,胤作胤征,，-N,帝中康時，羲、和湎淫，廢時亂日。胤往征之，作胤征,帝中康時
動作,胤,胤征,作,胤往征之，作胤征。,帝中康時
生命,中康,,崩,中康崩,帝相
生命,中康,帝相,子,中康崩，子帝相立,帝相
遞進,中康崩,帝相立,，-N,中康崩，子帝相立,帝相
政治,帝相,,立,子帝相立,帝相
生命,帝相,,崩,帝相崩,帝少康
生命,帝相,帝少康,子,帝相崩，子帝少康立,帝少康
遞進,帝相子崩,帝少康立,，-N,帝相崩，子帝少康立,帝少康
政治,帝少康,,立,子帝少康立,帝少康
生命,帝少康,,崩,帝少康崩,帝予
生命,帝少康,帝予,子,帝少康崩，子帝予立,帝予
遞進,帝少康崩,帝予立,，-N,帝少康崩，子帝予立,帝予
政治,帝予,,立,子帝予立,帝予
生命,帝予,,崩,帝予崩,帝槐
生命,帝予,帝槐,子,帝予崩，子帝槐立,帝槐
遞進,帝予崩,帝槐立,，-N,帝予崩，子帝槐立,帝槐
政治,帝槐,,立,子帝槐立,帝槐
生命,帝槐,,崩,帝槐崩,帝芒
生命,帝槐,帝芒,子,帝槐崩，子帝芒立,帝芒
遞進,帝槐子崩,帝芒立,，-N,帝槐崩，子帝芒立,帝芒
政治,帝芒,,立,子帝芒立,帝芒
生命,帝芒,,崩,帝芒崩,帝泄
生命,帝芒,帝泄,子,帝芒崩，子帝泄立,帝泄
遞進,帝芒崩,帝泄立,，-N,帝芒崩，子帝泄立,帝泄
政治,帝泄,,立,子帝泄立,帝泄
生命,帝泄,,崩,帝泄崩,帝不降
生命,帝泄,帝不降,子,帝泄崩，子帝不降立,帝不降
遞進,帝泄崩,帝不降立,，-N,帝泄崩，子帝不降立,帝不降
政治,帝不降,,立,子帝不降立,帝不降
生命,帝不降,,崩,帝不降崩,帝扃
生命,帝不降,帝扃,弟,帝不降崩，弟帝扃立,帝扃
遞進,帝不降崩,帝扃立,，-N,帝不降崩，弟帝扃立,帝扃
政治,帝扃,,立,弟帝扃立,帝扃
生命,帝扃,,崩,帝扃崩,帝厪
生命,帝扃,帝厪,子,帝扃崩，子帝厪立,帝厪
遞進,帝扃崩,帝厪立,，-N,帝扃崩，子帝厪立,帝厪
政治,帝厪,,立,子帝厪立,帝厪
生命,帝厪,,崩,帝厪崩,帝孔甲
遞進,帝厪崩,帝厪立孔甲,，-N,帝厪崩，立帝不降之子孔甲,帝孔甲
政治,帝厪,孔甲,立,帝厪崩，立帝不降之子孔甲,帝孔甲
生命,帝不降,孔甲,子,帝厪崩，立帝不降之子孔甲,帝孔甲
屬性,孔甲,帝孔甲,是為,帝厪崩，立帝不降之子孔甲，是為帝孔甲,帝孔甲
政治,帝孔甲,,立,帝孔甲立,帝孔甲
遞進,帝孔甲立,帝孔甲好方鬼神,，-N,帝孔甲立，好方鬼神,帝孔甲
政治,帝孔甲,鬼神,好方,帝孔甲立，好方鬼神,帝孔甲
遞進,帝孔甲好方鬼神,帝孔甲事淫亂,，-N,帝孔甲立，好方鬼神，事淫亂,帝孔甲
政治,帝孔甲,淫亂,事,帝孔甲立，好方鬼神，事淫亂,帝孔甲
因果,帝孔甲事淫亂,夏后氏德衰,。-N,帝孔甲立，好方鬼神，事淫亂。夏后氏德衰,帝孔甲
政治,夏后氏德,,衰,夏后氏德衰,帝孔甲
遞進,夏后氏德衰,諸侯畔夏后氏,，-N,夏后氏德衰，諸侯畔之,帝孔甲
政治,諸侯,夏后氏,畔,夏后氏德衰，諸侯畔之,帝孔甲
遞進,諸侯畔夏后氏,天降龍二,，-N,夏后氏德衰，諸侯畔之。天降龍二,帝孔甲
政治,天,龍二,降,天降龍二,帝孔甲
屬性,龍,雌雄,有,天降龍二，有雌雄,帝孔甲
遞進,天降龍二,孔甲不能食,，-N,天降龍二，有雌雄，孔甲不能食,帝孔甲
生命,孔甲,,不能食,孔甲不能食,帝孔甲
遞進,孔甲不能食,孔甲未得豢龍氏,，-N,孔甲不能食，未得豢龍氏,帝孔甲
政治,孔甲,豢龍氏,未得,孔甲不能食，未得豢龍氏,帝孔甲
遞進,孔甲未得豢龍氏,陶唐衰,。-N,孔甲不能食，未得豢龍氏。陶唐既衰,帝孔甲
政治,陶唐,,衰,陶唐既衰,帝孔甲
遞進,陶唐衰,陶唐后有劉累,，-N,陶唐既衰，其后有劉累,帝孔甲
政治,陶唐,劉累,后有,陶唐既衰，其后有劉累,帝孔甲
遞進,陶唐后有劉累,劉累學擾龍,，-N,陶唐既衰，其后有劉累，學擾龍于豢龍氏,帝孔甲
政治,劉累,擾龍,學,其后有劉累，學擾龍于豢龍氏,帝孔甲
事件屬性,劉累學擾龍,豢龍氏,于,其后有劉累，學擾龍于豢龍氏,帝孔甲
遞進,劉累學擾龍,劉累事孔甲,，-N,其后有劉累，學擾龍于豢龍氏，以事孔甲,帝孔甲
政治,劉累,孔甲,事,其后有劉累，學擾龍于豢龍氏，以事孔甲,帝孔甲
遞進,劉累事孔甲,孔甲賜劉累,。-N,其后有劉累，學擾龍于豢龍氏，以事孔甲。孔甲賜之姓曰御龍氏,帝孔甲
政治,孔甲,劉累,賜,其后有劉累，學擾龍于豢龍氏，以事孔甲。孔甲賜之姓曰御龍氏,帝孔甲
事件屬性,孔甲賜劉累,,姓曰御龍氏,其后有劉累，學擾龍于豢龍氏，以事孔甲。孔甲賜之姓曰御龍氏,帝孔甲
屬性,劉累,御龍氏,姓,其后有劉累，學擾龍于豢龍氏，以事孔甲。孔甲賜之姓曰御龍氏,帝孔甲
事件屬性,劉累姓御龍氏,,孔甲賜,孔甲賜之姓曰御龍氏,帝孔甲
遞進,孔甲賜劉累,御龍氏受豕韋之後,，-N,孔甲賜之姓曰御龍氏，受豕韋之後,帝孔甲
社交,御龍氏,豕韋之後,受,孔甲賜之姓曰御龍氏，受豕韋之後,帝孔甲
遞進,御龍氏受豕韋之後,龍一雌死,。-N,受豕韋之後。龍一雌死,帝孔甲
生命,龍一雌,,死,龍一雌死,帝孔甲
遞進,龍一雌死,龍一雌食夏后,，以-N,龍一雌死，以食夏后,帝孔甲
政治,龍一雌,夏后,食,龍一雌死，以食夏后,帝孔甲
遞進,龍一雌食夏后,夏后使求龍,。-N,龍一雌死，以食夏后。夏后使求,帝孔甲
政治,夏后使,龍,求,龍一雌死，以食夏后。夏后使求,帝孔甲
遞進,夏后使求龍,劉累懼,，-N,其后有劉累，學擾龍于豢龍氏，以事孔甲。孔甲賜之姓曰御龍氏，受豕韋之後。龍一雌死，以食夏后。夏后使求，懼而遷去,帝孔甲
政治,劉累,,懼,其后有劉累，學擾龍于豢龍氏，以事孔甲。孔甲賜之姓曰御龍氏，受豕韋之後。龍一雌死，以食夏后。夏后使求，懼而遷去,帝孔甲
遞進,劉累懼,劉累去,而-N,其后有劉累，學擾龍于豢龍氏，以事孔甲。孔甲賜之姓曰御龍氏，受豕韋之後。龍一雌死，以食夏后。夏后使求，懼而遷去,帝孔甲
空間,劉累,,遷去,其后有劉累，學擾龍于豢龍氏，以事孔甲。孔甲賜之姓曰御龍氏，受豕韋之後。龍一雌死，以食夏后。夏后使求，懼而遷去,帝孔甲
生命,孔甲,,崩,孔甲崩,帝皋
生命,孔甲,帝皋,子,孔甲崩，子帝皋立,帝皋
遞進,孔甲崩,帝皋立,，-N,孔甲崩，子帝皋立,帝皋
政治,帝皋,,立,子帝皋立,帝皋
生命,帝皋,,崩,帝皋崩,帝發
生命,帝皋,帝發,子,帝皋崩，子帝發立,帝發
遞進,帝皋崩,帝發立,，-N,帝皋崩，子帝發立,帝發
政治,帝發,,立,子帝發立,帝發
生命,帝發,,崩,帝發崩,桀
遞進,帝發崩,帝履癸立,，-N,帝發崩，子帝履癸立,桀
政治,帝履癸,,立,子帝履癸立,桀
生命,帝發,帝履癸,子,帝發崩，子帝履癸立,桀
屬性,帝履癸,桀,是為,子帝履癸立，是為桀,桀
政治,諸侯,夏,多畔,帝桀之時，自孔甲以來而諸侯多畔夏,帝桀之時
事件屬性,諸侯多畔夏,,自孔甲以來,帝桀之時，自孔甲以來而諸侯多畔夏,帝桀之時
遞進,諸侯多畔夏,桀不務德,，-N,自孔甲以來而諸侯多畔夏，桀不務德而武傷百姓,帝桀之時
政治,桀,德,不務,自孔甲以來而諸侯多畔夏，桀不務德而武傷百姓,帝桀之時
遞進,桀不務德,桀武傷百姓,而-N,自孔甲以來而諸侯多畔夏，桀不務德而武傷百姓,帝桀之時
政治,桀,百姓,武傷,桀不務德而武傷百姓,帝桀之時
因果,桀武傷百姓,百姓弗堪,。-N,桀不務德而武傷百姓，百姓弗堪,帝桀之時
政治,百姓,,弗堪,桀不務德而武傷百姓，百姓弗堪,帝桀之時
因果,百姓弗堪,桀召湯,。迺-N,桀不務德而武傷百姓，百姓弗堪。迺召湯而囚之夏臺,帝桀之時
政治,桀,湯,召,桀不務德而武傷百姓，百姓弗堪。迺召湯而囚之夏臺,帝桀之時
遞進,桀召湯,,而-N,桀不務德而武傷百姓，百姓弗堪。迺召湯而囚之夏臺,帝桀之時
政治,桀,湯,囚,桀不務德而武傷百姓，百姓弗堪。迺召湯而囚之夏臺,帝桀之時
事件屬性,桀囚湯,夏臺,之-L,桀不務德而武傷百姓，百姓弗堪。迺召湯而囚之夏臺,帝桀之時
遞進,桀囚湯,桀釋湯,，已而-N,桀不務德而武傷百姓，百姓弗堪。迺召湯而囚之夏臺，已而釋之,帝桀之時
政治,桀,湯,釋,桀不務德而武傷百姓，百姓弗堪。迺召湯而囚之夏臺，已而釋之,帝桀之時
遞進,桀釋湯,湯修德,。-N,桀不務德而武傷百姓，百姓弗堪。迺召湯而囚之夏臺，已而釋之。湯修德,帝桀之時
政治,湯,,修德,湯修德,帝桀之時
遞進,湯修德,諸侯歸湯,，-N,湯修德，諸侯皆歸湯,帝桀之時
政治,諸侯,湯,歸,諸侯皆歸湯,帝桀之時
遞進,諸侯歸湯,湯率兵,，-N,諸侯皆歸湯，湯遂率兵以伐夏桀,帝桀之時
戰爭,湯,,率兵,湯遂率兵以伐夏桀,帝桀之時
遞進,湯率兵,湯伐夏桀,以-N,湯遂率兵以伐夏桀,帝桀之時
戰爭,湯,夏桀,伐,湯遂率兵以伐夏桀,帝桀之時
遞進,湯伐夏桀,桀走鳴條,。-N,湯遂率兵以伐夏桀。桀走鳴條,帝桀之時
空間,桀,鳴條,走-L,桀走鳴條,帝桀之時
遞進,桀走鳴條,桀放,，遂-N,桀走鳴條，遂放而死,帝桀之時
政治,桀,,放,桀走鳴條，遂放而死,帝桀之時
遞進,桀放,桀死,而-N,桀走鳴條，遂放而死,帝桀之時
生命,桀,,死,桀走鳴條，遂放而死,帝桀之時
並列,桀死,桀曰,。-N,遂放而死。桀謂人曰：「吾悔不遂殺湯於夏臺，使至此。」,帝桀之時
政治,桀,,曰,桀謂人曰：「吾悔不遂殺湯於夏臺，使至此。」,帝桀之時
事件屬性,桀曰,,吾悔不遂殺湯於夏臺:使至此,桀謂人曰：「吾悔不遂殺湯於夏臺，使至此。」,帝桀之時
遞進,桀曰,湯踐天子位,。」-N,桀謂人曰：「吾悔不遂殺湯於夏臺，使至此。」湯乃踐天子位,帝桀之時
政治,湯,天子位,踐,湯乃踐天子位,帝桀之時
遞進,湯踐天子位,湯代夏,，-N,湯乃踐天子位，代夏朝天下,帝桀之時
政治,湯,夏,代,湯乃踐天子位，代夏朝天下,帝桀之時
事件屬性,湯代夏,,朝天下,湯乃踐天子位，代夏朝天下,帝桀之時
遞進,湯代夏,湯封夏之後,。-N,代夏朝天下。湯封夏之後,帝桀之時
政治,湯,夏之後,封,代夏朝天下。湯封夏之後，至周封於杞也,帝桀之時
事件屬性,湯封夏之後,杞,於-L,代夏朝天下。湯封夏之後，至周封於杞也,帝桀之時
政治,周,夏之後,封,代夏朝天下。湯封夏之後，至周封於杞也,帝桀之時
事件屬性,周封夏之後,杞,於-L,湯封夏之後，至周封於杞也,帝桀之時
