生命,殷契,簡狄,母,殷契，母曰簡狄,
生命,有娀氏,簡狄,女,殷契，母曰簡狄，有娀氏之女,
屬性,簡狄,帝嚳次妃,為,母曰簡狄，有娀氏之女，為帝嚳次妃,
遞進,簡狄為帝嚳次妃,三人行浴,，-N,為帝嚳次妃。三人行浴,
社交,三人,,行浴,母曰簡狄，有娀氏之女，為帝嚳次妃。三人行浴,
遞進,三人行浴,簡狄見玄鳥,，-N,母曰簡狄，有娀氏之女，為帝嚳次妃。三人行浴，見玄鳥墮其卵,
政治,簡狄,玄鳥,見,母曰簡狄，有娀氏之女，為帝嚳次妃。三人行浴，見玄鳥墮其卵,
事件屬性,簡狄見玄鳥,,墮其卵,母曰簡狄，有娀氏之女，為帝嚳次妃。三人行浴，見玄鳥墮其卵,
遞進,簡狄見玄鳥,簡狄取吞卵,，-N,母曰簡狄，有娀氏之女，為帝嚳次妃。三人行浴，見玄鳥墮其卵，簡狄取吞之,
動作,簡狄,卵,取吞,母曰簡狄，有娀氏之女，為帝嚳次妃。三人行浴，見玄鳥墮其卵，簡狄取吞之,
因果,簡狄取吞卵,簡狄孕生契,，因-N,母曰簡狄，有娀氏之女，為帝嚳次妃。三人行浴，見玄鳥墮其卵，簡狄取吞之,
生命,簡狄,契,孕生,簡狄取吞之，因孕生契,
遞進,簡狄孕生契,契長,而-N,簡狄取吞之，因孕生契,
生命,契,,長,契長而佐禹治水有功,
遞進,契長,契佐禹,而-N,契長而佐禹治水有功,
政治,契,禹,佐,契長而佐禹治水有功,
事件屬性,契佐禹,,治水有功,契長而佐禹治水有功,
因果,契功禹,帝舜命契,。-N,契長而佐禹治水有功。帝舜乃命契曰：「百姓不親，五品不訓，汝為司徒而敬敷五教，五教在寬。」,
政治,帝舜,契,命,帝舜乃命契曰：「百姓不親，五品不訓，汝為司徒而敬敷五教，五教在寬。」,
事件屬性,帝舜命契,,百姓不親:五品不訓:汝為司徒而敬敷五教:五教在寬,帝舜乃命契曰：「百姓不親，五品不訓，汝為司徒而敬敷五教，五教在寬。」,
遞進,帝舜命契,帝舜封契,。」-N,帝舜乃命契曰：「百姓不親，五品不訓，汝為司徒而敬敷五教，五教在寬。」封于商,
政治,帝舜,契,封,帝舜乃命契曰：「百姓不親，五品不訓，汝為司徒而敬敷五教，五教在寬。」封于商,
事件屬性,帝舜封契,商,于-L,帝舜乃命契曰：「百姓不親，五品不訓，汝為司徒而敬敷五教，五教在寬。」封于商,
並列,帝舜封契,帝舜賜姓,，-N,帝舜乃命契曰：「百姓不親，五品不訓，汝為司徒而敬敷五教，五教在寬。」封于商，賜姓子氏,
政治,帝舜,,賜姓,帝舜乃命契曰：「百姓不親，五品不訓，汝為司徒而敬敷五教，五教在寬。」封于商，賜姓子氏,
事件屬性,帝舜賜姓,,子氏,帝舜乃命契曰：「百姓不親，五品不訓，汝為司徒而敬敷五教，五教在寬。」封于商，賜姓子氏,
政治,契,子氏,姓,帝舜乃命契曰：「百姓不親，五品不訓，汝為司徒而敬敷五教，五教在寬。」封于商，賜姓子氏,
政治,契,,興,契興於唐、虞、大禹之際，功業著於百姓,
事件屬性,契興,,於唐:虞:大禹之際,契興於唐、虞、大禹之際，功業著於百姓,
遞進,契興,功業著於百姓,，-N,契興於唐、虞、大禹之際，功業著於百姓,
政治,功業,百姓,著於,契興於唐、虞、大禹之際，功業著於百姓,
因果,功業著於百姓,百姓平,，-N,契興於唐、虞、大禹之際，功業著於百姓，百姓以平,
政治,百姓,,平,契興於唐、虞、大禹之際，功業著於百姓，百姓以平,
生命,契,,卒,契卒,
遞進,契卒,昭明立,，-N,契卒，子昭明立,
生命,契,昭明,子,契卒，子昭明立,
政治,昭明,,立,子昭明立,
生命,昭明,,卒,昭明卒,
遞進,昭明卒,相土立,，-N,昭明卒，子相土立,
生命,昭明,相土,子,昭明卒，子相土立,
政治,相土,,立,子相土立,
生命,相土,,卒,相土卒,
遞進,相土卒,昌若立,，-N,相土卒，子昌若立,
生命,相土,昌若,子,相土卒，子昌若立,
政治,昌若,,立,子昌若立,
生命,昌若,,卒,昌若卒,
遞進,昌若卒,曹圉立,，-N,昌若卒，子曹圉立,
生命,昌若,曹圉,子,昌若卒，子曹圉立,
政治,曹圉,,立,子曹圉立,
生命,曹圉,,卒,曹圉卒,
遞進,曹圉卒,冥立,，-N,曹圉卒，子冥立,
生命,曹圉,冥,子,曹圉卒，子冥立,
政治,冥,,立,曹圉卒，子冥立,
生命,冥,,卒,冥卒,
遞進,冥卒,振立,，-N,冥卒，子振立,
生命,冥,振,子,冥卒，子振立,
政治,振,,立,子振立,
生命,振,,卒,振卒,
遞進,振卒,微立,，-N,振卒，子微立,
生命,振,微,子,振卒，子微立,
政治,微,,立,子微立,
生命,微,,卒,微卒,
遞進,微卒,報丁立,，-N,微卒，子報丁立,
生命,微,報丁,子,微卒，子報丁立,
政治,報丁,,立,子報丁立,
生命,報丁,,卒,報丁卒,
遞進,報丁卒,報乙立,，-N,報丁卒，子報乙立,
生命,報丁,報乙,子,報丁卒，子報乙立,
政治,報乙,,立,子報乙立,
生命,報乙,,卒,報乙卒,
遞進,報乙卒,報丙立,，-N,報乙卒，子報丙立,
生命,報乙,報丙,子,報乙卒，子報丙立,
政治,報丙,,立,子報丙立,
生命,報丙,,卒,報丙卒,
遞進,報丙卒,主壬立,，-N,報丙卒，子主壬立,
生命,報丙,主壬,子,報丙卒，子主壬立,
政治,主壬,,立,子主壬立,
生命,主壬,,卒,主壬卒,
遞進,主壬卒,主癸立,，-N,主壬卒，子主癸立,
生命,主壬,主癸,子,主壬卒，子主癸立,
政治,主癸,,立,子主癸立,
生命,主癸,,卒,主癸卒,
遞進,主癸卒,天乙立,，-N,主癸卒，子天乙立,
政治,天乙,,立,子天乙立,
屬性,天乙,成湯,為,子天乙立，是為成湯,
生命,主癸,天乙,子,主癸卒，子天乙立,
空間,成湯,亳,始居-L,成湯，自契至湯八遷。湯始居亳,
事件屬性,成湯,,自契至湯八遷,成湯，自契至湯八遷。湯始居亳,
遞進,成湯始居亳,成湯從先王居,，-N,成湯，自契至湯八遷。湯始居亳，從先王居,
政治,成湯,先王居,從,成湯，自契至湯八遷。湯始居亳，從先王居,
遞進,成湯從先王居,成湯作帝誥,，-N,成湯，自契至湯八遷。湯始居亳，從先王居，作帝誥,
動作,成湯,帝誥,作,成湯，自契至湯八遷。湯始居亳，從先王居，作帝誥,
戰爭,湯,諸侯,征,湯征諸侯,
遞進,湯征諸侯,葛伯不祀,。-N,湯征諸侯。葛伯不祀,
政治,葛伯,,不祀,葛伯不祀,
遞進,葛伯不祀,湯伐葛伯,，-N,葛伯不祀，湯始伐之,
戰爭,湯,葛伯,伐,葛伯不祀，湯始伐之,
遞進,湯伐葛伯,湯曰,。-N,湯始伐之。湯曰：「予有言：人視水見形，視民知治不。」,
政治,湯,,曰,湯曰：「予有言：人視水見形，視民知治不。」,
事件屬性,湯曰,,予有言:人視水見形:視民知治不,湯曰：「予有言：人視水見形，視民知治不。」,
遞進,湯曰,伊尹曰,。」-N,湯曰：「予有言：人視水見形，視民知治不。」伊尹曰：「明哉！言能聽，道乃進。君國子民，為善者皆在王官。勉哉，勉哉！」,
政治,伊尹,,曰,伊尹曰：「明哉！言能聽，道乃進。君國子民，為善者皆在王官。勉哉，勉哉！」,
事件屬性,伊尹曰,,明哉:言能聽:道乃進:君國子民:為善者皆在王官:勉哉:勉哉,伊尹曰：「明哉！言能聽，道乃進。君國子民，為善者皆在王官。勉哉，勉哉！」,
遞進,伊尹曰,湯曰,！」-N,伊尹曰：「明哉！言能聽，道乃進。君國子民，為善者皆在王官。勉哉，勉哉！」湯曰：「汝不能敬命，予大罰殛之，無有攸赦。」,
政治,湯,,曰,勉哉，勉哉！」湯曰：「汝不能敬命，予大罰殛之，無有攸赦。」,
事件屬性,湯曰,,汝不能敬命:予大罰殛之:無有攸赦,湯曰：「汝不能敬命，予大罰殛之，無有攸赦。」,
遞進,湯曰,湯作湯征,。」-N,湯曰：「汝不能敬命，予大罰殛之，無有攸赦。」作湯征,
動作,湯,湯征,作,湯曰：「汝不能敬命，予大罰殛之，無有攸赦。」作湯征,
屬性,伊尹,阿衡,名,伊尹名阿衡,
政治,阿衡,湯,欲奸,阿衡欲奸湯而無由,
遞進,阿衡欲奸湯,阿衡無由,而-N,阿衡欲奸湯而無由,
政治,阿衡,,無由,阿衡欲奸湯而無由,
遞進,阿衡無由,阿衡,，乃-N,阿衡欲奸湯而無由，乃為有莘氏媵臣,
政治,阿衡,有莘氏媵臣,為,阿衡欲奸湯而無由，乃為有莘氏媵臣,
遞進,阿衡為有莘氏媵臣,阿衡負鼎俎,，-N,阿衡欲奸湯而無由，乃為有莘氏媵臣，負鼎俎,
動作,阿衡,鼎俎,負,阿衡欲奸湯而無由，乃為有莘氏媵臣，負鼎俎,
遞進,阿衡負鼎俎,阿衡說湯,，-N,阿衡欲奸湯而無由，乃為有莘氏媵臣，負鼎俎，以滋味說湯,
政治,阿衡,湯,說,阿衡欲奸湯而無由，乃為有莘氏媵臣，負鼎俎，以滋味說湯,
事件屬性,阿衡說湯,,以滋味,阿衡欲奸湯而無由，乃為有莘氏媵臣，負鼎俎，以滋味說湯,
遞進,阿衡說湯,阿衡致于王道,，-N,阿衡欲奸湯而無由，乃為有莘氏媵臣，負鼎俎，以滋味說湯，致于王道,
政治,阿衡,王道,致于,阿衡欲奸湯而無由，乃為有莘氏媵臣，負鼎俎，以滋味說湯，致于王道,
政治,伊尹,,處士,伊尹處士,
事件屬性,伊尹處士,,或曰,或曰，伊尹處士,
遞進,伊尹處士,湯聘迎伊尹,，-N,伊尹處士，湯使人聘迎之,
政治,湯,伊尹,聘迎,伊尹處士，湯使人聘迎之,
事件屬性,湯聘迎伊尹,,使人,伊尹處士，湯使人聘迎之,
遞進,湯聘迎伊尹,伊尹往從湯,，-N,伊尹處士，湯使人聘迎之，五反然後肯往從湯,
政治,伊尹,湯,往從,伊尹處士，湯使人聘迎之，五反然後肯往從湯,
事件屬性,伊尹往從湯,,五反然後肯,伊尹處士，湯使人聘迎之，五反然後肯往從湯,
遞進,伊尹往從湯,伊尹言素王:九主之事,，-N,伊尹處士，湯使人聘迎之，五反然後肯往從湯，言素王及九主之事,
政治,伊尹,素王:九主之事,言,伊尹處士，湯使人聘迎之，五反然後肯往從湯，言素王及九主之事,
遞進,伊尹言素王:九主之事,湯舉任伊尹,。-N,伊尹處士，湯使人聘迎之，五反然後肯往從湯，言素王及九主之事。湯舉任以國政,
政治,湯,伊尹,舉任,伊尹處士，湯使人聘迎之，五反然後肯往從湯，言素王及九主之事。湯舉任以國政,
事件屬性,湯舉任伊尹,,以國政,伊尹處士，湯使人聘迎之，五反然後肯往從湯，言素王及九主之事。湯舉任以國政,
遞進,湯舉任伊尹,伊尹去湯適夏,。-N,伊尹處士，湯使人聘迎之，五反然後肯往從湯，言素王及九主之事。湯舉任以國政。伊尹去湯適夏,
政治,伊尹,,去湯適夏,伊尹去湯適夏,
遞進,伊尹去湯適夏,伊尹醜有夏,。-N,伊尹去湯適夏。既醜有夏,
政治,伊尹,有夏,醜,伊尹去湯適夏。既醜有夏,
遞進,伊尹醜有夏,伊尹復歸于亳,，-N,伊尹去湯適夏。既醜有夏，復歸于亳,
空間,伊尹,亳,復歸于-L,伊尹去湯適夏。既醜有夏，復歸于亳,
遞進,伊尹復歸于亳,伊尹入,。-N,伊尹去湯適夏。既醜有夏，復歸于亳。入自北門,
空間,伊尹,,入,伊尹去湯適夏。既醜有夏，復歸于亳。入自北門,
事件屬性,伊尹入,北門,自-L,伊尹去湯適夏。既醜有夏，復歸于亳。入自北門,
遞進,伊尹入,伊尹遇女鳩:女房,，-N,伊尹去湯適夏。既醜有夏，復歸于亳。入自北門，遇女鳩、女房,
政治,伊尹,女鳩:女房,遇,伊尹去湯適夏。既醜有夏，復歸于亳。入自北門，遇女鳩、女房,
遞進,伊尹遇女鳩:女房,伊尹作女鳩女房,，-N,伊尹去湯適夏。既醜有夏，復歸于亳。入自北門，遇女鳩、女房，作女鳩女房,
動作,伊尹,女鳩女房,作,伊尹去湯適夏。既醜有夏，復歸于亳。入自北門，遇女鳩、女房，作女鳩女房,
遞進,伊尹作女鳩女房,湯出,。-N,伊尹去湯適夏。既醜有夏，復歸于亳。入自北門，遇女鳩、女房，作女鳩女房。湯出,
空間,湯,,出,湯出,
遞進,湯出,湯見野張網四面,，-N,湯出，見野張網四面,
政治,湯,野張網四面,見,湯出，見野張網四面,
遞進,湯見野張網四面,湯祝曰,，-N,湯出，見野張網四面，祝曰：「自天下四方皆入吾網。」,
政治,湯,,祝曰,湯出，見野張網四面，祝曰：「自天下四方皆入吾網。」,
事件屬性,湯祝曰,,自天下四方皆入吾網,湯出，見野張網四面，祝曰：「自天下四方皆入吾網。」,
遞進,湯祝曰,湯曰,。」-N,湯出，見野張網四面，祝曰：「自天下四方皆入吾網。」湯曰：「嘻，盡之矣！」,
政治,湯,,曰,湯出，見野張網四面，祝曰：「自天下四方皆入吾網。」湯曰：「嘻，盡之矣！」,
事件屬性,湯曰,,嘻:盡之矣,湯出，見野張網四面，祝曰：「自天下四方皆入吾網。」湯曰：「嘻，盡之矣！」,
遞進,湯曰,湯去網三面,！」乃-N,湯出，見野張網四面，祝曰：「自天下四方皆入吾網。」湯曰：「嘻，盡之矣！」乃去其三面,
政治,湯,網三面,去,湯出，見野張網四面，祝曰：「自天下四方皆入吾網。」湯曰：「嘻，盡之矣！」乃去其三面,
遞進,湯去三面,湯祝曰,，-N,湯出，見野張網四面，祝曰：「自天下四方皆入吾網。」湯曰：「嘻，盡之矣！」乃去其三面，祝曰：「欲左，左。欲右，右。不用命，乃入吾網。」,
政治,湯,,祝曰,湯出，見野張網四面，祝曰：「自天下四方皆入吾網。」湯曰：「嘻，盡之矣！」乃去其三面，祝曰：「欲左，左。欲右，右。不用命，乃入吾網。」,
事件屬性,湯祝曰,,欲左:左:欲右:右:不用命:乃入吾網,湯出，見野張網四面，祝曰：「自天下四方皆入吾網。」湯曰：「嘻，盡之矣！」乃去其三面，祝曰：「欲左，左。欲右，右。不用命，乃入吾網。」,
遞進,湯祝曰,諸侯聞湯,。」-N,湯出，見野張網四面，祝曰：「自天下四方皆入吾網。」湯曰：「嘻，盡之矣！」乃去其三面，祝曰：「欲左，左。欲右，右。不用命，乃入吾網。」諸侯聞之,
政治,諸侯,湯,聞,湯出，見野張網四面，祝曰：「自天下四方皆入吾網。」湯曰：「嘻，盡之矣！」乃去其三面，祝曰：「欲左，左。欲右，右。不用命，乃入吾網。」諸侯聞之,
遞進,諸侯聞湯,諸侯曰,，-N,湯出，見野張網四面，祝曰：「自天下四方皆入吾網。」湯曰：「嘻，盡之矣！」乃去其三面，祝曰：「欲左，左。欲右，右。不用命，乃入吾網。」諸侯聞之，曰：「湯德至矣，及禽獸。」,
政治,諸侯,,曰,諸侯聞之，曰：「湯德至矣，及禽獸。」,
事件屬性,諸侯曰,,湯德至矣:及禽獸,諸侯聞之，曰：「湯德至矣，及禽獸。」,
政治,夏桀,虐政,為,夏桀為虐政淫荒,
事件屬性,夏桀為虐政,,淫荒,夏桀為虐政淫荒,
事件屬性,夏桀為虐政,,當是時,當是時，夏桀為虐政淫荒,
遞進,夏桀為虐政,諸侯:昆吾氏為亂,，而-N,夏桀為虐政淫荒，而諸侯昆吾氏為亂,
政治,諸侯:昆吾氏,,為亂,而諸侯昆吾氏為亂,
遞進,諸侯:昆吾氏為亂,湯興師,。-N,而諸侯昆吾氏為亂。湯乃興師率諸侯,
政治,湯,,興師,湯乃興師率諸侯,
事件屬性,湯興師,,率諸侯,湯乃興師率諸侯,
遞進,湯興師,伊尹從湯,，-N,湯乃興師率諸侯，伊尹從湯,
政治,伊尹,湯,從,伊尹從湯,
遞進,伊尹從湯,,，-N,伊尹從湯，湯自把鉞以伐昆吾,
戰爭,湯,昆吾,伐,湯自把鉞以伐昆吾,
事件屬性,湯伐昆吾,,自把鉞,湯自把鉞以伐昆吾,
遞進,湯伐昆吾,湯伐桀,，遂-N,湯自把鉞以伐昆吾，遂伐桀,
戰爭,湯,桀,伐,湯自把鉞以伐昆吾，遂伐桀,
遞進,湯伐桀,湯曰,。-N,遂伐桀。湯曰：「格女眾庶，來，女悉聽朕言。匪台小子敢行舉亂，有夏多罪，予維聞女眾言，夏氏有罪。予畏上帝，不敢不正。今夏多罪，天命殛之。今女有眾，女曰『我君不恤我眾，舍我嗇事而割政』。女其曰『有罪，其柰何』？夏王率止眾力，率奪夏國。眾有率怠不和，曰『是日何時喪？予與女皆亡』！夏德若茲，今朕必往。爾尚及予一人致天之罰，予其大理女。女毋不信，朕不食言。女不從誓言，予則帑僇女，無有攸赦。」,
政治,湯,,曰,湯曰：「格女眾庶，來，女悉聽朕言。匪台小子敢行舉亂，有夏多罪，予維聞女眾言，夏氏有罪。予畏上帝，不敢不正。今夏多罪，天命殛之。今女有眾，女曰『我君不恤我眾，舍我嗇事而割政』。女其曰『有罪，其柰何』？夏王率止眾力，率奪夏國。眾有率怠不和，曰『是日何時喪？予與女皆亡』！夏德若茲，今朕必往。爾尚及予一人致天之罰，予其大理女。女毋不信，朕不食言。女不從誓言，予則帑僇女，無有攸赦。」,
事件屬性,湯曰,,格女眾庶:來:女悉聽朕言:匪台小子敢行舉亂:有夏多罪:予維聞女眾言:夏氏有罪:予畏上帝:不敢不正:今夏多罪:天命殛之:今女有眾:女曰我君不恤我眾，舍我嗇事而割政:女其曰有罪，其柰何:夏王率止眾力:率奪夏國:眾有率怠不和:曰是日何時喪予與女皆亡:夏德若茲:今朕必往:爾尚及予一人致天之罰:予其大理女:女毋不信:朕不食言:女不從誓言:予則帑僇女:無有攸赦,湯曰：「格女眾庶，來，女悉聽朕言。匪台小子敢行舉亂，有夏多罪，予維聞女眾言，夏氏有罪。予畏上帝，不敢不正。今夏多罪，天命殛之。今女有眾，女曰『我君不恤我眾，舍我嗇事而割政』。女其曰『有罪，其柰何』？夏王率止眾力，率奪夏國。眾有率怠不和，曰『是日何時喪？予與女皆亡』！夏德若茲，今朕必往。爾尚及予一人致天之罰，予其大理女。女毋不信，朕不食言。女不從誓言，予則帑僇女，無有攸赦。」,
事件屬性,湯曰,,以告令師,湯曰：「格女眾庶，來，女悉聽朕言。匪台小子敢行舉亂，有夏多罪，予維聞女眾言，夏氏有罪。予畏上帝，不敢不正。今夏多罪，天命殛之。今女有眾，女曰『我君不恤我眾，舍我嗇事而割政』。女其曰『有罪，其柰何』？夏王率止眾力，率奪夏國。眾有率怠不和，曰『是日何時喪？予與女皆亡』！夏德若茲，今朕必往。爾尚及予一人致天之罰，予其大理女。女毋不信，朕不食言。女不從誓言，予則帑僇女，無有攸赦。」以告令師,
遞進,湯曰,湯作湯誓,，-N,湯曰：「格女眾庶，來，女悉聽朕言。匪台小子敢行舉亂，有夏多罪，予維聞女眾言，夏氏有罪。予畏上帝，不敢不正。今夏多罪，天命殛之。今女有眾，女曰『我君不恤我眾，舍我嗇事而割政』。女其曰『有罪，其柰何』？夏王率止眾力，率奪夏國。眾有率怠不和，曰『是日何時喪？予與女皆亡』！夏德若茲，今朕必往。爾尚及予一人致天之罰，予其大理女。女毋不信，朕不食言。女不從誓言，予則帑僇女，無有攸赦。」以告令師，作湯誓,
動作,湯,湯誓,作,湯曰：「格女眾庶，來，女悉聽朕言。匪台小子敢行舉亂，有夏多罪，予維聞女眾言，夏氏有罪。予畏上帝，不敢不正。今夏多罪，天命殛之。今女有眾，女曰『我君不恤我眾，舍我嗇事而割政』。女其曰『有罪，其柰何』？夏王率止眾力，率奪夏國。眾有率怠不和，曰『是日何時喪？予與女皆亡』！夏德若茲，今朕必往。爾尚及予一人致天之罰，予其大理女。女毋不信，朕不食言。女不從誓言，予則帑僇女，無有攸赦。」以告令師，作湯誓,
遞進,湯作湯誓,湯曰,。於是-N,湯曰：「格女眾庶，來，女悉聽朕言。匪台小子敢行舉亂，有夏多罪，予維聞女眾言，夏氏有罪。予畏上帝，不敢不正。今夏多罪，天命殛之。今女有眾，女曰『我君不恤我眾，舍我嗇事而割政』。女其曰『有罪，其柰何』？夏王率止眾力，率奪夏國。眾有率怠不和，曰『是日何時喪？予與女皆亡』！夏德若茲，今朕必往。爾尚及予一人致天之罰，予其大理女。女毋不信，朕不食言。女不從誓言，予則帑僇女，無有攸赦。」以告令師，作湯誓。於是湯曰「吾甚武」,
政治,湯,,曰,於是湯曰「吾甚武」,
事件屬性,湯曰,,吾甚武,於是湯曰「吾甚武」,
遞進,湯曰,湯號武王,，-N,於是湯曰「吾甚武」，號曰武王,
政治,湯,武王,號,於是湯曰「吾甚武」，號曰武王,
戰爭,桀,,敗,桀敗於有娀之虛,
事件屬性,桀敗,有娀之虛,於-L,桀敗於有娀之虛,
遞進,桀敗,桀犇,，-N,桀敗於有娀之虛，桀犇於鳴條,
空間,桀,,犇,桀犇於鳴條,
事件屬性,桀犇,鳴條,於-L,桀犇於鳴條,
並列,桀犇,夏師敗績,，-N,桀犇於鳴條，夏師敗績,
戰爭,夏師,,敗績,夏師敗績,
遞進,夏師敗績,湯伐三㚇,。-N,夏師敗績。湯遂伐三㚇,
戰爭,湯,三㚇,伐,湯遂伐三㚇,
遞進,湯伐三㚇,湯俘厥寶玉,，-N,湯遂伐三㚇，俘厥寶玉,
政治,湯,厥寶玉,俘,湯遂伐三㚇，俘厥寶玉，義伯、仲伯作典寶,
遞進,湯俘厥寶玉,義伯:仲伯作典寶,，-N,義伯、仲伯作典寶,
動作,義伯:仲伯,典寶,作,義伯、仲伯作典寶,
戰爭,湯,夏,勝,湯既勝夏,
遞進,湯勝夏,湯欲遷夏社,，-N,湯既勝夏，欲遷其社,
政治,湯,夏社,欲遷,湯既勝夏，欲遷其社,
事件屬性,湯欲遷夏社,,不可,湯既勝夏，欲遷其社，不可,
遞進,湯欲遷夏社,湯作夏社,，-N,湯既勝夏，欲遷其社，不可，作夏社,
動作,湯,夏社,作,湯既勝夏，欲遷其社，不可，作夏社,
遞進,湯作夏社,伊尹報,。-N,湯既勝夏，欲遷其社，不可，作夏社。伊尹報,
政治,伊尹,,報,湯既勝夏，欲遷其社，不可，作夏社。伊尹報,
遞進,伊尹報,諸侯畢服,。於是-N,湯既勝夏，欲遷其社，不可，作夏社。伊尹報。於是諸侯畢服,
政治,諸侯,,畢服,湯既勝夏，欲遷其社，不可，作夏社。伊尹報。於是諸侯畢服,
遞進,諸侯畢服,湯踐天子位,，-N,湯既勝夏，欲遷其社，不可，作夏社。伊尹報。於是諸侯畢服，湯乃踐天子位,
政治,湯,天子位,踐,湯既勝夏，欲遷其社，不可，作夏社。伊尹報。於是諸侯畢服，湯乃踐天子位,
遞進,湯踐天子位,湯平定海內,，-N,湯既勝夏，欲遷其社，不可，作夏社。伊尹報。於是諸侯畢服，湯乃踐天子位，平定海內,
政治,湯,海內,平定,湯既勝夏，欲遷其社，不可，作夏社。伊尹報。於是諸侯畢服，湯乃踐天子位，平定海內,
空間,湯,,歸,湯歸至于泰卷陶,
事件屬性,湯歸,泰卷陶,至于-L,湯歸至于泰卷陶,
遞進,湯歸,中虺作誥,，-N,湯歸至于泰卷陶，中虺作誥,
動作,中虺,誥,作,中虺作誥,
遞進,中虺作誥,湯絀夏命,。既-N,湯歸至于泰卷陶，中虺作誥。既絀夏命,
政治,湯,夏命,絀,湯歸至于泰卷陶，中虺作誥。既絀夏命,
遞進,湯絀夏命,湯還亳,，-N,湯歸至于泰卷陶，中虺作誥。既絀夏命，還亳,
空間,湯,亳,還,湯歸至于泰卷陶，中虺作誥。既絀夏命，還亳,
遞進,湯還亳,湯作湯誥,，-N,湯歸至于泰卷陶，中虺作誥。既絀夏命，還亳，作湯誥：「維三月，王自至於東郊。告諸侯羣后：『毋不有功於民，勤力迺事。予乃大罰殛女，毋予怨。』曰：『古禹、皋陶久勞于外，其有功乎民，民乃有安。東為江，北為濟，西為河，南為淮，四瀆已修，萬民乃有居。后稷降播，農殖百穀。三公咸有功于民，故后有立。昔蚩尤與其大夫作亂百姓，帝乃弗予，有狀。先王言不可不勉。』曰：『不道，毋之在國，女毋我怨。』」,
動作,湯,湯誥,作,湯歸至于泰卷陶，中虺作誥。既絀夏命，還亳，作湯誥：「維三月，王自至於東郊。告諸侯羣后：『毋不有功於民，勤力迺事。予乃大罰殛女，毋予怨。』曰：『古禹、皋陶久勞于外，其有功乎民，民乃有安。東為江，北為濟，西為河，南為淮，四瀆已修，萬民乃有居。后稷降播，農殖百穀。三公咸有功于民，故后有立。昔蚩尤與其大夫作亂百姓，帝乃弗予，有狀。先王言不可不勉。』曰：『不道，毋之在國，女毋我怨。』」,
事件屬性,湯作湯誥,,維三月:王自至於東郊:告諸侯羣后:毋不有功於民:勤力迺事:予乃大罰殛女:毋予怨:曰古禹、皋陶久勞于外:其有功乎民:民乃有安:東為江:北為濟:西為河:南為淮:四瀆已修:萬民乃有居:后稷降播:農殖百穀:三公咸有功于民:故后有立:昔蚩尤與其大夫作亂百姓:帝乃弗予:有狀:先王言不可不勉:曰不道:毋之在國:女毋我怨,湯歸至于泰卷陶，中虺作誥。既絀夏命，還亳，作湯誥：「維三月，王自至於東郊。告諸侯羣后：『毋不有功於民，勤力迺事。予乃大罰殛女，毋予怨。』曰：『古禹、皋陶久勞于外，其有功乎民，民乃有安。東為江，北為濟，西為河，南為淮，四瀆已修，萬民乃有居。后稷降播，農殖百穀。三公咸有功于民，故后有立。昔蚩尤與其大夫作亂百姓，帝乃弗予，有狀。先王言不可不勉。』曰：『不道，毋之在國，女毋我怨。』」,
遞進,湯作湯誥,湯令諸侯,。」以-N,湯歸至于泰卷陶，中虺作誥。既絀夏命，還亳，作湯誥：「維三月，王自至於東郊。告諸侯羣后：『毋不有功於民，勤力迺事。予乃大罰殛女，毋予怨。』曰：『古禹、皋陶久勞于外，其有功乎民，民乃有安。東為江，北為濟，西為河，南為淮，四瀆已修，萬民乃有居。后稷降播，農殖百穀。三公咸有功于民，故后有立。昔蚩尤與其大夫作亂百姓，帝乃弗予，有狀。先王言不可不勉。』曰：『不道，毋之在國，女毋我怨。』」以令諸侯,
政治,湯,諸侯,令,湯歸至于泰卷陶，中虺作誥。既絀夏命，還亳，作湯誥：「維三月，王自至於東郊。告諸侯羣后：『毋不有功於民，勤力迺事。予乃大罰殛女，毋予怨。』曰：『古禹、皋陶久勞于外，其有功乎民，民乃有安。東為江，北為濟，西為河，南為淮，四瀆已修，萬民乃有居。后稷降播，農殖百穀。三公咸有功于民，故后有立。昔蚩尤與其大夫作亂百姓，帝乃弗予，有狀。先王言不可不勉。』曰：『不道，毋之在國，女毋我怨。』」以令諸侯,
並列,湯令諸侯,伊尹作咸有一德,。-N,湯歸至于泰卷陶，中虺作誥。既絀夏命，還亳，作湯誥：「維三月，王自至於東郊。告諸侯羣后：『毋不有功於民，勤力迺事。予乃大罰殛女，毋予怨。』曰：『古禹、皋陶久勞于外，其有功乎民，民乃有安。東為江，北為濟，西為河，南為淮，四瀆已修，萬民乃有居。后稷降播，農殖百穀。三公咸有功于民，故后有立。昔蚩尤與其大夫作亂百姓，帝乃弗予，有狀。先王言不可不勉。』曰：『不道，毋之在國，女毋我怨。』」以令諸侯。伊尹作咸有一德,
動作,伊尹,咸有一德,作,伊尹作咸有一德,
並列,伊尹作咸有一德,,，-N,伊尹作咸有一德，咎單作明居,
動作,咎單,明居,作,咎單作明居,
政治,湯,正朔,改,湯乃改正朔,
遞進,湯改正朔,湯易服色,，-N,湯乃改正朔，易服色,
政治,湯,服色,易,湯乃改正朔，易服色,
遞進,湯易服色,湯上白,，-N,湯乃改正朔，易服色，上白,
政治,湯,白,上,湯乃改正朔，易服色，上白,
遞進,湯上白,湯朝會,，-N,湯乃改正朔，易服色，上白，朝會以晝,
政治,湯,,朝會,湯乃改正朔，易服色，上白，朝會以晝,
事件屬性,湯朝會,,以晝,湯乃改正朔，易服色，上白，朝會以晝,
生命,湯,,崩,湯崩,
轉折,湯崩,太子太丁未立,，-N,湯崩，太子太丁未立而卒,
政治,太子太丁,,未立,太子太丁未立而卒,
遞進,太子太丁未立,太子太丁卒,而-N,太子太丁未立而卒,
生命,太子太丁,,卒,太子太丁未立而卒,
因果,太子太丁卒,外丙立,，於是迺-N,太子太丁未立而卒，於是迺立太丁之弟外丙,
政治,外丙,,立,太子太丁未立而卒，於是迺立太丁之弟外丙,
屬性,外丙,帝外丙,是為,太子太丁未立而卒，於是迺立太丁之弟外丙，是為帝外丙,
生命,太子太丁,外丙,弟,太子太丁未立而卒，於是迺立太丁之弟外丙，是為帝外丙,
生命,帝外丙,,崩,帝外丙即位三年，崩,
事件屬性,帝外丙崩,,即位三年,帝外丙即位三年，崩,
遞進,帝外丙崩,中壬立,，-N,帝外丙即位三年，崩，立外丙之弟中壬,
政治,中壬,,立,立外丙之弟中壬,
屬性,中壬,帝中壬,是為,立外丙之弟中壬，是為帝中壬,
生命,外丙,中壬,弟,立外丙之弟中壬,
生命,帝中壬,,崩,帝中壬即位四年，崩,
事件屬性,帝中壬崩,,即位四年,帝中壬即位四年，崩,
遞進,帝中壬崩,伊尹立太甲,，-N,帝中壬即位四年，崩，伊尹迺立太丁之子太甲,
政治,伊尹,太甲,立,帝中壬即位四年，崩，伊尹迺立太丁之子太甲。太甲，成湯適長孫也，是為帝太甲。,
生命,太丁,太甲,子,帝中壬即位四年，崩，伊尹迺立太丁之子太甲。太甲，成湯適長孫也，是為帝太甲。,
生命,太甲,成湯,適長孫,帝中壬即位四年，崩，伊尹迺立太丁之子太甲。太甲，成湯適長孫也，是為帝太甲。,
屬性,太甲,帝太甲,是為,帝中壬即位四年，崩，伊尹迺立太丁之子太甲。太甲，成湯適長孫也，是為帝太甲。,
動作,伊尹,伊訓,作,帝太甲元年，伊尹作伊訓,帝太甲元年
並列,伊尹作伊訓,伊尹作肆命,，-N,帝太甲元年，伊尹作伊訓，作肆命,帝太甲元年
動作,伊尹,伊訓,作,帝太甲元年，伊尹作伊訓，作肆命,帝太甲元年
並列,伊尹作肆命,伊尹作徂后,，-N,帝太甲元年，伊尹作伊訓，作肆命，作徂后,帝太甲元年
動作,伊尹,徂后,作,帝太甲元年，伊尹作伊訓，作肆命，作徂后,帝太甲元年
政治,帝太甲,,不明,帝太甲既立三年，不明,
事件屬性,帝太甲不明,,既立三年,帝太甲既立三年，不明,
並列,帝太甲不明,帝太甲暴虐,，-N,帝太甲既立三年，不明，暴虐,
政治,帝太甲,,暴虐,帝太甲既立三年，不明，暴虐,
並列,帝太甲暴虐,帝太甲不遵湯法,，-N,帝太甲既立三年，不明，暴虐，不遵湯法,
政治,帝太甲,湯法,不遵,帝太甲既立三年，不明，暴虐，不遵湯法,
並列,帝太甲不遵湯法,,，-N,帝太甲既立三年，不明，暴虐，不遵湯法，亂德,
政治,帝太甲,,亂德,帝太甲既立三年，不明，暴虐，不遵湯法，亂德,
因果,帝太甲亂德,,，於是-N,帝太甲既立三年，不明，暴虐，不遵湯法，亂德，於是伊尹放之於桐宮,
政治,伊尹,帝太甲,放,帝太甲既立三年，不明，暴虐，不遵湯法，亂德，於是伊尹放之於桐宮,
事件屬性,伊尹放帝太甲,桐宮,於-L,帝太甲既立三年，不明，暴虐，不遵湯法，亂德，於是伊尹放之於桐宮,
遞進,伊尹放帝太甲,伊尹攝行政當國,。-N,三年，伊尹攝行政當國,
政治,伊尹,,攝行政當國,三年，伊尹攝行政當國，以朝諸侯,
事件屬性,伊尹攝行政當國,,三年,三年，伊尹攝行政當國,
事件屬性,伊尹攝行政當國,,以朝諸侯,三年，伊尹攝行政當國，以朝諸侯,
遞進,伊尹攝行政當國,帝太甲居桐宮,。-N,帝太甲居桐宮三年,
空間,帝太甲,桐宮,居-L,帝太甲居桐宮三年,
事件屬性,帝太甲居桐宮,,三年,帝太甲居桐宮三年,
遞進,帝太甲居桐宮,帝太甲悔過自責,，-N,帝太甲居桐宮三年，悔過自責,
政治,帝太甲,,悔過自責,帝太甲居桐宮三年，悔過自責,
遞進,帝太甲悔過自責,帝太甲反善,，-N,帝太甲居桐宮三年，悔過自責，反善,
政治,帝太甲,,反善,帝太甲居桐宮三年，悔過自責，反善,
因果,帝太甲反善,,，於是-N,帝太甲居桐宮三年，悔過自責，反善，於是伊尹迺迎帝太甲而授之政,
政治,伊尹,帝太甲,迺迎,於是伊尹迺迎帝太甲而授之政,
遞進,伊尹迺迎帝太甲,伊尹授帝太甲,而-N,於是伊尹迺迎帝太甲而授之政,
政治,伊尹,帝太甲,授,於是伊尹迺迎帝太甲而授之政,
事件屬性,伊尹授帝太甲,,政,於是伊尹迺迎帝太甲而授之政,
遞進,伊尹授帝太甲,帝太甲修德,。-N,於是伊尹迺迎帝太甲而授之政。帝太甲修德,
政治,帝太甲,,修德,帝太甲修德,
遞進,帝太甲修德,諸侯歸殷,，-N,帝太甲修德，諸侯咸歸殷,
政治,諸侯,殷,歸,諸侯咸歸殷,
遞進,諸侯歸殷,百姓寧,，-N,諸侯咸歸殷，百姓以寧,
政治,百姓,,寧,百姓以寧,
遞進,百姓寧,伊尹嘉帝太甲,。-N,帝太甲修德，諸侯咸歸殷，百姓以寧。伊尹嘉之,
政治,伊尹,帝太甲,嘉,帝太甲修德，諸侯咸歸殷，百姓以寧。伊尹嘉之,
因果,伊尹嘉帝太甲,伊尹作太甲訓三篇,，迺-N,帝太甲修德，諸侯咸歸殷，百姓以寧。伊尹嘉之，迺作太甲訓三篇,
動作,伊尹,太甲訓三篇,作,伊尹嘉之，迺作太甲訓三篇,
遞進,伊尹作太甲訓三篇,伊尹襃帝太甲,，-N,伊尹嘉之，迺作太甲訓三篇，襃帝太甲,
政治,伊尹,帝太甲,襃,伊尹嘉之，迺作太甲訓三篇，襃帝太甲,
屬性,帝太甲,太宗,稱,伊尹嘉之，迺作太甲訓三篇，襃帝太甲，稱太宗,
生命,太宗,,崩,太宗崩,
遞進,太宗崩,沃丁立,，-N,太宗崩，子沃丁立,
政治,沃丁,,立,太宗崩，子沃丁立,
生命,太宗,沃丁,子,子沃丁立,
生命,伊尹,,卒,帝沃丁之時，伊尹卒,帝沃丁之時
遞進,伊尹卒,伊尹葬亳,。既-N,帝沃丁之時，伊尹卒。既葬伊尹於亳,
空間,伊尹,亳,葬-L,既葬伊尹於亳,
遞進,伊尹葬亳,咎單訓伊尹事,，-N,既葬伊尹於亳，咎單遂訓伊尹事,
政治,咎單,伊尹事,訓,咎單遂訓伊尹事,
遞進,咎單訓伊尹事,咎單作沃丁,，-N,咎單遂訓伊尹事，作沃丁,
動作,咎單,沃丁,作,咎單遂訓伊尹事，作沃丁,
生命,沃丁,,崩,沃丁崩,
遞進,沃丁崩,太庚立,，-N,沃丁崩，弟太庚立,
政治,太庚,,立,沃丁崩，弟太庚立,
屬性,太庚,帝太庚,是為,弟太庚立，是為帝太庚,
生命,沃丁,太庚,弟,沃丁崩，弟太庚立,
生命,帝太庚,,崩,帝太庚崩,
遞進,帝太庚崩,帝小甲立,，-N,帝太庚崩，子帝小甲立,
政治,帝小甲,,立,子帝小甲立,
生命,帝太庚,帝小甲,子,帝太庚崩，子帝小甲立,
生命,帝小甲,,崩,帝小甲崩,
遞進,帝小甲崩,雍己立,，-N,帝小甲崩，弟雍己立,
政治,雍己,,立,弟雍己立,
屬性,雍己,帝雍己,是為,弟雍己立，是為帝雍己,
生命,帝小甲,雍己,弟,帝小甲崩，弟雍己立,
遞進,雍己立,殷道衰,。-N,帝小甲崩，弟雍己立，是為帝雍己。殷道衰,
政治,殷道,,衰,殷道衰,
遞進,殷道衰,諸侯或不至殷,，-N,殷道衰，諸侯或不至,
政治,諸侯,殷,或不至,諸侯或不至,
生命,帝雍己,,崩,帝雍己崩,
遞進,帝雍己崩,太戊立,，-N,帝雍己崩，弟太戊立,
政治,太戊,,立,弟太戊立,
屬性,太戊,帝太戊,是為,弟太戊立，是為帝太戊,
生命,帝雍己,太戊,弟,帝雍己崩，弟太戊立,
政治,帝太戊,伊陟,立,帝太戊立伊陟為相,
事件屬性,帝太戊立伊陟,,為相,帝太戊立伊陟為相,
屬性,伊陟,相,為,帝太戊立伊陟為相,
遞進,帝太戊立伊陟,亳有桑穀,。-N,帝太戊立伊陟為相。亳有祥桑穀共生於朝,
政治,亳,祥桑穀,有,亳有祥桑穀共生於朝，一暮大拱,
事件屬性,亳有桑穀,,共生於朝,亳有祥桑穀共生於朝，一暮大拱,
事件屬性,亳有桑穀,,一暮大拱,亳有祥桑穀共生於朝，一暮大拱,
政治,祥桑穀,,共生,亳有祥桑穀共生於朝，一暮大拱,
遞進,亳有桑穀,帝太戊懼,。-N,亳有祥桑穀共生於朝，一暮大拱。帝太戊懼,
社交,帝太戊,,懼,帝太戊懼,
遞進,帝太戊懼,帝太戊問伊陟,，-N,帝太戊懼，問伊陟,
社交,帝太戊,伊陟,問,帝太戊懼，問伊陟,
遞進,帝太戊問伊陟,伊陟曰,。-N,帝太戊懼，問伊陟。伊陟曰：「臣聞妖不勝德，帝之政其有闕與？帝其修德。」,
政治,伊陟,,曰,伊陟曰：「臣聞妖不勝德，帝之政其有闕與？帝其修德。」,
事件屬性,伊陟曰,,臣聞妖不勝德:帝之政其有闕與:帝其修德,伊陟曰：「臣聞妖不勝德，帝之政其有闕與？帝其修德。」,
遞進,伊陟曰,太戊從伊陟,。」-N,伊陟曰：「臣聞妖不勝德，帝之政其有闕與？帝其修德。」太戊從之,
政治,太戊,伊陟,從,伊陟曰：「臣聞妖不勝德，帝之政其有闕與？帝其修德。」太戊從之,
遞進,太戊從伊陟,祥桑枯死,，而-N,伊陟曰：「臣聞妖不勝德，帝之政其有闕與？帝其修德。」太戊從之，而祥桑枯死而去,
生命,祥桑,,枯死,而祥桑枯死而去,
遞進,祥桑枯死,祥桑去,而-N,而祥桑枯死而去,
政治,祥桑,,去,而祥桑枯死而去,
遞進,祥桑去,伊陟贊言于巫咸,。-N,而祥桑枯死而去。伊陟贊言于巫咸,
政治,伊陟,巫咸,贊言于,伊陟贊言于巫咸,
遞進,伊陟贊言于巫咸,,。-N,伊陟贊言于巫咸。巫咸治王家有成,
政治,巫咸,王家,治,巫咸治王家有成,
事件屬性,巫咸治王家,,有成,巫咸治王家有成,
遞進,巫咸治王家,巫咸作咸艾,成,巫咸治王家有成，作咸艾,
動作,巫咸,咸艾,作,巫咸治王家有成，作咸艾,
遞進,巫咸作咸艾,巫咸作太戊,，-N,巫咸治王家有成，作咸艾，作太戊,
動作,巫咸,太戊,作,巫咸治王家有成，作咸艾，作太戊,
遞進,巫咸作太戊,帝太戊贊伊陟,。-N,巫咸治王家有成，作咸艾，作太戊。帝太戊贊伊陟于廟,
政治,帝太戊,伊陟,贊,帝太戊贊伊陟于廟,
事件屬性,帝太戊贊伊陟,廟,于-L,帝太戊贊伊陟于廟,
遞進,帝太戊贊伊陟,帝太戊言弗臣,，-N,帝太戊贊伊陟于廟，言弗臣,
社交,帝太戊,弗臣,言,帝太戊贊伊陟于廟，言弗臣,
事件屬性,帝太戊言弗臣,,伊陟,帝太戊贊伊陟于廟，言弗臣,
遞進,帝太戊言弗臣,伊陟讓,，-N,帝太戊贊伊陟于廟，言弗臣，伊陟讓,
社交,伊陟,,讓,伊陟讓,
遞進,伊陟讓,伊陟作原命,，-N,伊陟讓，作原命,
動作,伊陟,原命,作,伊陟讓，作原命,
遞進,伊陟作原命,殷復興,。-N,伊陟讓，作原命。殷復興,
政治,殷,,復興,殷復興,
遞進,殷復興,諸侯歸帝太戊,，-N,帝太戊贊伊陟于廟，言弗臣，伊陟讓，作原命。殷復興，諸侯歸之,
政治,諸侯,帝太戊,歸,帝太戊贊伊陟于廟，言弗臣，伊陟讓，作原命。殷復興，諸侯歸之,
遞進,諸侯歸帝太戊,帝太戊稱中宗,。-N,帝太戊贊伊陟于廟，言弗臣，伊陟讓，作原命。殷復興，諸侯歸之，故稱中宗,
政治,帝太戊,中宗,稱,帝太戊贊伊陟于廟，言弗臣，伊陟讓，作原命。殷復興，諸侯歸之，故稱中宗,
屬性,帝太戊,中宗,稱,帝太戊贊伊陟于廟，言弗臣，伊陟讓，作原命。殷復興，諸侯歸之，故稱中宗,
生命,中宗,,崩,中宗崩,
遞進,中宗崩,帝中丁立,，-N,中宗崩，子帝中丁立,
生命,中宗,帝中丁,子,中宗崩，子帝中丁立,
政治,帝中丁,,立,子帝中丁立,
空間,帝中丁,隞,遷于-L,帝中丁遷于隞,
並列,帝中丁遷于隞,河亶甲居相,。-N,帝中丁遷于隞。河亶甲居相,
政治,河亶甲,相,居-L,河亶甲居相,
並列,河亶甲居相,祖乙遷于邢,。-N,河亶甲居相。祖乙遷于邢,
空間,祖乙,邢,遷于-L,祖乙遷于邢,
生命,帝中丁,,崩,帝中丁崩,
遞進,帝中丁崩,外壬立,，-N,帝中丁崩，弟外壬立,
生命,帝中丁,外壬,弟,帝中丁崩，弟外壬立,
政治,外壬,,立,弟外壬立,
屬性,外壬,帝外壬,是為,弟外壬立，是為帝外壬,
動作,仲丁書,,闕不具,仲丁書闕不具,
生命,帝外壬,,崩,帝外壬崩,
遞進,帝外壬崩,河亶甲立,，-N,帝外壬崩，弟河亶甲立,
生命,帝外壬,河亶甲,弟,帝外壬崩，弟河亶甲立,
政治,河亶甲,,立,弟河亶甲立,
屬性,河亶甲,帝河亶甲,為,弟河亶甲立，是為帝河亶甲,
政治,殷,,復衰,殷復衰,
事件屬性,殷復衰,,河亶甲時,河亶甲時，殷復衰,
生命,河亶甲,,崩,河亶甲崩,
遞進,河亶甲崩,帝祖乙立,，-N,河亶甲崩，子帝祖乙立,
生命,河亶甲,帝祖乙,子,河亶甲崩，子帝祖乙立,
政治,帝祖乙,,立,子帝祖乙立,
政治,帝祖乙,,立,帝祖乙立,
遞進,帝祖乙立,殷復興,。-N,帝祖乙立，殷復興,
政治,殷,,復興,殷復興,
並列,殷復興,巫賢任職,。-N,殷復興。巫賢任職,
政治,巫賢,,任職,巫賢任職,
生命,祖乙,,崩,祖乙崩,
遞進,祖乙崩,帝祖辛立,，-N,祖乙崩，子帝祖辛立,
生命,祖乙,帝祖辛,子,祖乙崩，子帝祖辛立,
政治,帝祖辛,,立,子帝祖辛立,
生命,帝祖辛,,崩,帝祖辛崩,
遞進,帝祖辛崩,沃甲立,，-N,帝祖辛崩，弟沃甲立,
生命,帝祖辛,沃甲,弟,帝祖辛崩，弟沃甲立,
政治,沃甲,,立,弟沃甲立,
屬性,沃甲,帝沃甲,是為,弟沃甲立，是為帝沃甲,
生命,帝沃甲,,崩,帝沃甲崩,
遞進,帝沃甲崩,祖丁立,，-N,帝沃甲崩，立沃甲兄祖辛之子祖丁,
生命,沃甲,祖辛,兄,帝沃甲崩，立沃甲兄祖辛之子祖丁,
生命,祖辛,祖丁,子,立沃甲兄祖辛之子祖丁,
政治,祖丁,,立,立沃甲兄祖辛之子祖丁,
屬性,祖丁,帝祖丁,是為,立沃甲兄祖辛之子祖丁，是為帝祖丁,
生命,帝祖丁,,崩,帝祖丁崩,
遞進,帝祖丁崩,南庚立,，-N,帝祖丁崩，立弟沃甲之子南庚,
生命,帝祖丁,沃甲,弟,帝祖丁崩，立弟沃甲之子南庚,
生命,沃甲,南庚,子,立弟沃甲之子南庚,
政治,南庚,,立,立弟沃甲之子南庚,
屬性,南庚,帝南庚,是為,立弟沃甲之子南庚，是為帝南庚,
生命,帝南庚,,崩,帝南庚崩,
遞進,帝南庚崩,陽甲立,，-N,帝南庚崩，立帝祖丁之子陽甲,
生命,帝祖丁,陽甲,子,立帝祖丁之子陽甲,
政治,陽甲,,立,立帝祖丁之子陽甲,
屬性,陽甲,帝陽甲,是為,立帝祖丁之子陽甲，是為帝陽甲,
遞進,陽甲立,殷衰,，-N,帝南庚崩，立帝祖丁之子陽甲，是為帝陽甲。帝陽甲之時，殷衰,
政治,殷,,衰,帝陽甲之時，殷衰,帝陽甲之時
並列,殷衰,殷廢適,而-N,帝陽甲之時，殷衰。自中丁以來，廢適而更立諸弟子,
政治,殷,適,廢,帝陽甲之時，殷衰。自中丁以來，廢適而更立諸弟子,
事件屬性,殷廢適,,自中丁以來,帝陽甲之時，殷衰。自中丁以來，廢適而更立諸弟子,
並列,殷廢適,殷立諸弟子,而-N,帝陽甲之時，殷衰。自中丁以來，廢適而更立諸弟子,
政治,殷,諸弟子,立,帝陽甲之時，殷衰。自中丁以來，廢適而更立諸弟子,
因果,殷立諸弟子,弟子或爭相代立,，-N,帝陽甲之時，殷衰。自中丁以來，廢適而更立諸弟子，弟子或爭相代立,
政治,弟子,,或爭相代立,帝陽甲之時，殷衰。自中丁以來，廢適而更立諸弟子，弟子或爭相代立,
事件屬性,弟子或爭相代立,,比九世亂,帝陽甲之時，殷衰。自中丁以來，廢適而更立諸弟子，弟子或爭相代立，比九世亂,
因果,弟子或爭相代立,諸侯莫朝殷,，於是-N,帝陽甲之時，殷衰。自中丁以來，廢適而更立諸弟子，弟子或爭相代立，比九世亂，於是諸侯莫朝,
政治,諸侯,殷,莫朝,帝陽甲之時，殷衰。自中丁以來，廢適而更立諸弟子，弟子或爭相代立，比九世亂，於是諸侯莫朝,
生命,帝陽甲,,崩,帝陽甲崩,
遞進,帝陽甲崩,盤庚立,，-N,帝陽甲崩，弟盤庚立,
生命,帝陽甲,盤庚,弟,帝陽甲崩，弟盤庚立,
政治,盤庚,,立,弟盤庚立,
屬性,盤庚,帝盤庚,是為,弟盤庚立，是為帝盤庚,
政治,殷,河北,都-L,帝盤庚之時，殷已都河北,帝盤庚之時
轉折,殷都河北,盤庚渡河南,，-N,帝盤庚之時，殷已都河北，盤庚渡河南,
空間,盤庚,河南,渡-L,盤庚渡河南,
遞進,盤庚渡河南,盤庚復居成湯之故居,，-N,盤庚渡河南，復居成湯之故居,
空間,盤庚,成湯之故居,復居-L,盤庚渡河南，復居成湯之故居,
遞進,盤庚復居成湯之故居,盤庚五遷,，-N,盤庚渡河南，復居成湯之故居，迺五遷,
政治,盤庚,,五遷,盤庚渡河南，復居成湯之故居，迺五遷,
事件屬性,盤庚五遷,,無定處,盤庚渡河南，復居成湯之故居，迺五遷，無定處,
遞進,盤庚五遷,殷民咨胥皆怨,。-N,盤庚渡河南，復居成湯之故居，迺五遷，無定處。殷民咨胥皆怨,
政治,殷民,,咨胥皆怨,盤庚渡河南，復居成湯之故居，迺五遷，無定處。殷民咨胥皆怨,
因果,殷民咨胥皆怨,殷民不欲徙,，-N,盤庚渡河南，復居成湯之故居，迺五遷，無定處。殷民咨胥皆怨，不欲徙,
政治,殷民,,不欲徙,殷民咨胥皆怨，不欲徙,
遞進,殷民不欲徙,盤庚告諭諸侯:大臣,。-N,殷民咨胥皆怨，不欲徙。盤庚乃告諭諸侯大臣曰：「昔高后成湯與爾之先祖俱定天下，法則可修。舍而弗勉，何以成德！」,
政治,盤庚,諸侯:大臣,告諭,盤庚乃告諭諸侯大臣曰：「昔高后成湯與爾之先祖俱定天下，法則可修。舍而弗勉，何以成德！」,
事件屬性,盤庚告諭諸侯:大臣,,昔高后成湯與爾之先祖俱定天下:法則可修:舍而弗勉:何以成德,盤庚乃告諭諸侯大臣曰：「昔高后成湯與爾之先祖俱定天下，法則可修。舍而弗勉，何以成德！」,
遞進,盤庚告諭諸侯:大臣,盤庚涉河南,！」乃遂-N,盤庚乃告諭諸侯大臣曰：「昔高后成湯與爾之先祖俱定天下，法則可修。舍而弗勉，何以成德！」乃遂涉河南,
空間,盤庚,河南,涉-L,盤庚乃告諭諸侯大臣曰：「昔高后成湯與爾之先祖俱定天下，法則可修。舍而弗勉，何以成德！」乃遂涉河南,
遞進,盤庚涉河南,盤庚治亳,，-N,盤庚乃告諭諸侯大臣曰：「昔高后成湯與爾之先祖俱定天下，法則可修。舍而弗勉，何以成德！」乃遂涉河南，治亳,
政治,盤庚,亳,治-L,盤庚乃告諭諸侯大臣曰：「昔高后成湯與爾之先祖俱定天下，法則可修。舍而弗勉，何以成德！」乃遂涉河南，治亳,
遞進,盤庚治亳,盤庚行湯之政,，-N,盤庚乃告諭諸侯大臣曰：「昔高后成湯與爾之先祖俱定天下，法則可修。舍而弗勉，何以成德！」乃遂涉河南，治亳，行湯之政,
政治,盤庚,湯之政,行,盤庚乃告諭諸侯大臣曰：「昔高后成湯與爾之先祖俱定天下，法則可修。舍而弗勉，何以成德！」乃遂涉河南，治亳，行湯之政,
遞進,盤庚行湯之政,百姓寧,，然後-N,盤庚乃告諭諸侯大臣曰：「昔高后成湯與爾之先祖俱定天下，法則可修。舍而弗勉，何以成德！」乃遂涉河南，治亳，行湯之政，然後百姓由寧,
政治,百姓,,寧,盤庚乃告諭諸侯大臣曰：「昔高后成湯與爾之先祖俱定天下，法則可修。舍而弗勉，何以成德！」乃遂涉河南，治亳，行湯之政，然後百姓由寧,
遞進,百姓寧,殷道復興,，-N,盤庚乃告諭諸侯大臣曰：「昔高后成湯與爾之先祖俱定天下，法則可修。舍而弗勉，何以成德！」乃遂涉河南，治亳，行湯之政，然後百姓由寧，殷道復興,
政治,殷道,,復興,盤庚乃告諭諸侯大臣曰：「昔高后成湯與爾之先祖俱定天下，法則可修。舍而弗勉，何以成德！」乃遂涉河南，治亳，行湯之政，然後百姓由寧，殷道復興,
因果,殷道復興,諸侯來朝,。-N,盤庚乃告諭諸侯大臣曰：「昔高后成湯與爾之先祖俱定天下，法則可修。舍而弗勉，何以成德！」乃遂涉河南，治亳，行湯之政，然後百姓由寧，殷道復興。諸侯來朝,
政治,諸侯,,來朝,盤庚乃告諭諸侯大臣曰：「昔高后成湯與爾之先祖俱定天下，法則可修。舍而弗勉，何以成德！」乃遂涉河南，治亳，行湯之政，然後百姓由寧，殷道復興。諸侯來朝,
事件屬性,諸侯來朝,,以其遵成湯之德也,盤庚乃告諭諸侯大臣曰：「昔高后成湯與爾之先祖俱定天下，法則可修。舍而弗勉，何以成德！」乃遂涉河南，治亳，行湯之政，然後百姓由寧，殷道復興。諸侯來朝，以其遵成湯之德也,
生命,帝盤庚,,崩,帝盤庚崩,
遞進,帝盤庚崩,小辛立,，-N,帝盤庚崩，弟小辛立,
生命,帝盤庚,小辛,弟,帝盤庚崩，弟小辛立,
政治,小辛,,立,弟小辛立,
屬性,小辛,帝小辛,為,弟小辛立，是為帝小辛,
政治,帝小辛,,立,帝小辛立，殷復衰,
遞進,帝小辛立,殷復衰,，-N,帝小辛立，殷復衰,
政治,殷,,復衰,帝小辛立，殷復衰,
遞進,殷復衰,百姓思盤庚,。-N,殷復衰。百姓思盤庚,
政治,百姓,盤庚,思,百姓思盤庚,
遞進,百姓思盤庚,百姓作盤庚三篇,，迺-N,百姓思盤庚，迺作盤庚三篇,
動作,百姓,盤庚三篇,作,百姓思盤庚，迺作盤庚三篇,
生命,帝小辛,,崩,帝小辛崩,
遞進,帝小辛崩,小乙立,，-N,帝小辛崩，弟小乙立,
生命,帝小辛,小乙,弟,帝小辛崩，弟小乙立,
政治,小乙,,立,弟小乙立,
屬性,小乙,帝小乙,為,弟小乙立，是為帝小乙,
生命,帝小乙,,崩,帝小乙崩,
遞進,帝小乙崩,帝武丁立,，-N,帝小乙崩，子帝武丁立,
政治,帝武丁,,立,子帝武丁立,
生命,帝小乙,帝武丁,子,帝小乙崩，子帝武丁立,
政治,帝武丁,,即位,帝武丁即位,
遞進,帝武丁即位,帝武丁思復興殷,，-N,帝武丁即位，思復興殷,
政治,帝武丁,殷,思復興,帝武丁即位，思復興殷,
遞進,帝武丁思復興殷,帝武丁未得其佐,，而-N,帝武丁即位，思復興殷，而未得其佐,
政治,帝武丁,其佐,未得,帝武丁即位，思復興殷，而未得其佐,
遞進,帝武丁未得其佐,帝武丁不言,。-N,帝武丁即位，思復興殷，而未得其佐。三年不言,
社交,帝武丁,,不言,帝武丁即位，思復興殷，而未得其佐。三年不言,
事件屬性,帝武丁不言,,三年,帝武丁即位，思復興殷，而未得其佐。三年不言,
遞進,帝武丁不言,政事決定於冢宰,，-N,帝武丁即位，思復興殷，而未得其佐。三年不言，政事決定於冢宰,
政治,政事,冢宰,決定於,帝武丁即位，思復興殷，而未得其佐。三年不言，政事決定於冢宰,
事件屬性,政事決定於冢宰,,以觀國風,帝武丁即位，思復興殷，而未得其佐。三年不言，政事決定於冢宰，以觀國風,
遞進,政事決定於冢宰,武丁夜夢得聖人,。-N,以觀國風。武丁夜夢得聖人,
政治,武丁,聖人,夜夢得,武丁夜夢得聖人,
屬性,聖人,說,名曰,武丁夜夢得聖人，名曰說,
遞進,武丁夜夢得聖人,武丁視羣臣:百吏,。-N,武丁夜夢得聖人，名曰說。以夢所見視羣臣百吏,
政治,武丁,羣臣:百吏,視,武丁夜夢得聖人，名曰說。以夢所見視羣臣百吏,
事件屬性,武丁視羣臣:百吏,,以夢所見,武丁夜夢得聖人，名曰說。以夢所見視羣臣百吏,
事件屬性,武丁視羣臣:百吏,,皆非也,武丁夜夢得聖人，名曰說。以夢所見視羣臣百吏，皆非也,
遞進,武丁視羣臣:百吏,武丁使百工營,。於是迺-N,武丁夜夢得聖人，名曰說。以夢所見視羣臣百吏，皆非也。於是迺使百工營求之野,
政治,武丁,百工營,使,武丁夜夢得聖人，名曰說。以夢所見視羣臣百吏，皆非也。於是迺使百工營求之野,
事件屬性,武丁使百工營,,求之野,武丁夜夢得聖人，名曰說。以夢所見視羣臣百吏，皆非也。於是迺使百工營求之野,
政治,百工營,聖人,求,於是迺使百工營求之野,
遞進,武丁使百工營,武丁得說,，-N,武丁夜夢得聖人，名曰說。以夢所見視羣臣百吏，皆非也。於是迺使百工營求之野，得說於傅險中,
政治,武丁,說,得,武丁夜夢得聖人，名曰說。以夢所見視羣臣百吏，皆非也。於是迺使百工營求之野，得說於傅險中,
事件屬性,武丁得說,傅險中,於-L,武丁夜夢得聖人，名曰說。以夢所見視羣臣百吏，皆非也。於是迺使百工營求之野，得說於傅險中,
屬性,說,胥靡,為,是時說為胥靡,
動作,說,傅險,築於-L,是時說為胥靡，築於傅險,
遞進,說築於傅險,說見於武丁,。-N,是時說為胥靡，築於傅險。見於武丁,
政治,說,武丁,見於,是時說為胥靡，築於傅險。見於武丁,
遞進,說見於武丁,武丁曰是也,。-N,是時說為胥靡，築於傅險。見於武丁，武丁曰是也,
政治,武丁,是也,曰,武丁曰是也,
遞進,武丁曰是也,武丁得說,，-N,是時說為胥靡，築於傅險。見於武丁，武丁曰是也。得而與之語,
政治,武丁,說,得,是時說為胥靡，築於傅險。見於武丁，武丁曰是也。得而與之語,
遞進,武丁得說,武丁語說,而-N,是時說為胥靡，築於傅險。見於武丁，武丁曰是也。得而與之語,
政治,武丁,說,語,是時說為胥靡，築於傅險。見於武丁，武丁曰是也。得而與之語,
事件屬性,武丁語說,,果聖人,是時說為胥靡，築於傅險。見於武丁，武丁曰是也。得而與之語，果聖人,
遞進,武丁語說,武丁舉說,，-N,是時說為胥靡，築於傅險。見於武丁，武丁曰是也。得而與之語，果聖人，舉以為相,
政治,武丁,說,舉,是時說為胥靡，築於傅險。見於武丁，武丁曰是也。得而與之語，果聖人，舉以為相,
事件屬性,武丁舉說,,以為相,是時說為胥靡，築於傅險。見於武丁，武丁曰是也。得而與之語，果聖人，舉以為相,
屬性,武丁,相,為,是時說為胥靡，築於傅險。見於武丁，武丁曰是也。得而與之語，果聖人，舉以為相,
遞進,武丁舉說,殷國大治,，-N,是時說為胥靡，築於傅險。見於武丁，武丁曰是也。得而與之語，果聖人，舉以為相，殷國大治,
政治,殷國,,大治,是時說為胥靡，築於傅險。見於武丁，武丁曰是也。得而與之語，果聖人，舉以為相，殷國大治,
因果,殷國大治,武丁姓說,。故遂-N,是時說為胥靡，築於傅險。見於武丁，武丁曰是也。得而與之語，果聖人，舉以為相，殷國大治。故遂以傅險姓之,
政治,武丁,說,姓,是時說為胥靡，築於傅險。見於武丁，武丁曰是也。得而與之語，果聖人，舉以為相，殷國大治。故遂以傅險姓之,
事件屬性,武丁姓說,,以傅險,是時說為胥靡，築於傅險。見於武丁，武丁曰是也。得而與之語，果聖人，舉以為相，殷國大治。故遂以傅險姓之,
屬性,說,傅險,姓,是時說為胥靡，築於傅險。見於武丁，武丁曰是也。得而與之語，果聖人，舉以為相，殷國大治。故遂以傅險姓之,
遞進,武丁姓說,武丁號說,，-N,是時說為胥靡，築於傅險。見於武丁，武丁曰是也。得而與之語，果聖人，舉以為相，殷國大治。故遂以傅險姓之，號曰傅說,
政治,武丁,說,號,是時說為胥靡，築於傅險。見於武丁，武丁曰是也。得而與之語，果聖人，舉以為相，殷國大治。故遂以傅險姓之，號曰傅說,
事件屬性,武丁號說,,曰傅說,是時說為胥靡，築於傅險。見於武丁，武丁曰是也。得而與之語，果聖人，舉以為相，殷國大治。故遂以傅險姓之，號曰傅說,
屬性,說,傅說,號曰,是時說為胥靡，築於傅險。見於武丁，武丁曰是也。得而與之語，果聖人，舉以為相，殷國大治。故遂以傅險姓之，號曰傅說,
政治,帝武丁,成湯,祭,帝武丁祭成湯,
遞進,帝武丁祭成湯,飛雉登鼎耳,，-N,帝武丁祭成湯，明日，有飛雉登鼎耳而呴,
政治,飛雉,鼎耳,登,帝武丁祭成湯，明日，有飛雉登鼎耳而呴,
事件屬性,飛雉登鼎耳,,明日,帝武丁祭成湯，明日，有飛雉登鼎耳而呴,
遞進,飛雉登鼎耳,飛雉呴,而-N,帝武丁祭成湯，明日，有飛雉登鼎耳而呴,
政治,飛雉,,呴,帝武丁祭成湯，明日，有飛雉登鼎耳而呴,
因果,飛雉呴,武丁懼,，-N,帝武丁祭成湯，明日，有飛雉登鼎耳而呴，武丁懼,
社交,武丁,,懼,帝武丁祭成湯，明日，有飛雉登鼎耳而呴，武丁懼,
遞進,武丁懼,祖己曰,。-N,武丁懼。祖己曰：「王勿憂，先修政事。」,
政治,祖己,,曰,祖己曰：「王勿憂，先修政事。」,
事件屬性,祖己曰,,王勿憂:先修政事,祖己曰：「王勿憂，先修政事。」,
遞進,祖己曰,祖己訓王,。」-N,祖己曰：「王勿憂，先修政事。」祖己乃訓王曰：「唯天監下典厥義，降年有永有不永，非天夭民，中絕其命。民有不若德，不聽罪，天既附命正厥德，乃曰其奈何。嗚呼！王嗣敬民，罔非天繼，常祀毋禮于弃道。」,
政治,祖己,王,訓,祖己乃訓王曰：「唯天監下典厥義，降年有永有不永，非天夭民，中絕其命。民有不若德，不聽罪，天既附命正厥德，乃曰其奈何。嗚呼！王嗣敬民，罔非天繼，常祀毋禮于弃道。」,
事件屬性,祖己訓王,,唯天監下典厥義:降年有永有不永:非天夭民:中絕其命:民有不若德:不聽罪:天既附命正厥德:乃曰其奈何:嗚呼:王嗣敬民:罔非天繼:常祀毋禮于弃道,祖己乃訓王曰：「唯天監下典厥義，降年有永有不永，非天夭民，中絕其命。民有不若德，不聽罪，天既附命正厥德，乃曰其奈何。嗚呼！王嗣敬民，罔非天繼，常祀毋禮于弃道。」,
遞進,祖己訓王,武丁修政行德,。」-N,祖己乃訓王曰：「唯天監下典厥義，降年有永有不永，非天夭民，中絕其命。民有不若德，不聽罪，天既附命正厥德，乃曰其奈何。嗚呼！王嗣敬民，罔非天繼，常祀毋禮于弃道。」武丁修政行德,
政治,武丁,,修政行德,武丁修政行德,
遞進,武丁修政行德,天下咸驩,，-N,武丁修政行德，天下咸驩,
政治,天下,,咸驩,天下咸驩,
遞進,天下咸驩,殷道復興,，-N,天下咸驩，殷道復興,
政治,殷道,,復興,殷道復興,
生命,帝武丁,,崩,帝武丁崩,
遞進,帝武丁崩,帝祖庚立,，-N,帝武丁崩，子帝祖庚立,
政治,帝祖庚,,立,子帝祖庚立,
生命,帝武丁,帝祖庚,子,帝武丁崩，子帝祖庚立,
政治,祖己,武丁,嘉,祖己嘉武丁之以祥雉為德,
事件屬性,祖己嘉武丁,,以祥雉為德,祖己嘉武丁之以祥雉為德,
遞進,祖己嘉武丁,祖己立武丁廟,，-N,祖己嘉武丁之以祥雉為德，立其廟為高宗,
政治,祖己,武丁廟,立,祖己嘉武丁之以祥雉為德，立其廟為高宗,
屬性,武丁,高宗,為,祖己嘉武丁之以祥雉為德，立其廟為高宗,
遞進,祖己立武丁廟,祖己作高宗肜日:訓,，遂-N,祖己嘉武丁之以祥雉為德，立其廟為高宗，遂作高宗肜日及訓,
動作,祖己,高宗肜日:訓,作,祖己嘉武丁之以祥雉為德，立其廟為高宗，遂作高宗肜日及訓,
生命,帝祖庚,,崩,帝祖庚崩,
遞進,帝祖庚崩,祖甲立,，-N,帝祖庚崩，弟祖甲立,
生命,帝祖庚,祖甲,弟,帝祖庚崩，弟祖甲立,
政治,祖甲,,立,弟祖甲立,
屬性,祖甲,帝甲,為,弟祖甲立，是為帝甲,
政治,帝甲,,淫亂,帝甲淫亂,
遞進,帝甲淫亂,殷復衰,，-N,帝甲淫亂，殷復衰,
政治,殷,,復衰,殷復衰,
生命,帝甲,,崩,帝甲崩,
遞進,帝甲崩,帝廩辛立,，-N,帝甲崩，子帝廩辛立,
生命,帝甲,帝廩辛,子,帝甲崩，子帝廩辛立,
政治,帝廩辛,,立,子帝廩辛立,
生命,帝廩辛,,崩,帝廩辛崩,
遞進,帝廩辛崩,庚丁立,，-N,帝廩辛崩，弟庚丁立,
生命,帝廩辛,庚丁,弟,帝廩辛崩，弟庚丁立,
政治,庚丁,,立,弟庚丁立,
屬性,庚丁,帝庚丁,為,弟庚丁立，是為帝庚丁,
生命,帝庚丁,,崩,帝庚丁崩,
遞進,帝庚丁崩,帝武乙立,，-N,帝庚丁崩，子帝武乙立,
生命,帝庚丁,帝武乙,子,帝庚丁崩，子帝武乙立,
政治,帝武乙,,立,子帝武乙立,
遞進,帝武乙立,殷復去亳,，-N,子帝武乙立。殷復去亳,
政治,殷,亳,復去-L,殷復去亳,
遞進,殷復去亳,殷徙河北,，-N,殷復去亳，徙河北,
空間,殷,河北,徙-L,殷復去亳，徙河北,
政治,帝武乙,,無道,帝武乙無道,
遞進,帝武乙無道,帝武乙為偶人,，-N,帝武乙無道，為偶人,
動作,帝武乙,偶人,為,帝武乙無道，為偶人,
遞進,帝武乙為偶人,帝武乙謂偶人,，-N,帝武乙無道，為偶人，謂之天神,
動作,帝武乙,偶人,謂,帝武乙無道，為偶人，謂之天神,
事件屬性,帝武乙謂偶人,,天神,帝武乙無道，為偶人，謂之天神,
屬性,偶人,天神,謂之,帝武乙無道，為偶人，謂之天神,
遞進,帝武乙謂偶人,帝武乙博偶人,。-N,帝武乙無道，為偶人，謂之天神。與之博,
動作,帝武乙,偶人,博,帝武乙無道，為偶人，謂之天神。與之博,
遞進,帝武乙博偶人,帝武乙令人,，-N,帝武乙無道，為偶人，謂之天神。與之博，令人為行,
政治,帝武乙,人,令,帝武乙無道，為偶人，謂之天神。與之博，令人為行,
事件屬性,帝武乙令人,,為行,帝武乙無道，為偶人，謂之天神。與之博，令人為行,
遞進,帝武乙令人,天神不勝,。-N,帝武乙無道，為偶人，謂之天神。與之博，令人為行。天神不勝,
政治,天神,,不勝,天神不勝,
遞進,天神不勝,帝武乙僇辱天神,，乃-N,帝武乙無道，為偶人，謂之天神。與之博，令人為行。天神不勝，乃僇辱之,
政治,帝武乙,天神,僇辱,帝武乙無道，為偶人，謂之天神。與之博，令人為行。天神不勝，乃僇辱之,
遞進,帝武乙僇辱天神,帝武乙為革囊,。-N,帝武乙無道，為偶人，謂之天神。與之博，令人為行。天神不勝，乃僇辱之。為革囊,
動作,帝武乙,革囊,為,帝武乙無道，為偶人，謂之天神。與之博，令人為行。天神不勝，乃僇辱之。為革囊,
遞進,帝武乙為革囊,革囊盛血,，-N,帝武乙無道，為偶人，謂之天神。與之博，令人為行。天神不勝，乃僇辱之。為革囊，盛血,
動作,革囊,血,盛,帝武乙無道，為偶人，謂之天神。與之博，令人為行。天神不勝，乃僇辱之。為革囊，盛血,
遞進,革囊盛血,帝武乙卬,，-N,帝武乙無道，為偶人，謂之天神。與之博，令人為行。天神不勝，乃僇辱之。為革囊，盛血，卬而射之,
動作,帝武乙,,卬,帝武乙無道，為偶人，謂之天神。與之博，令人為行。天神不勝，乃僇辱之。為革囊，盛血，卬而射之,
遞進,帝武乙卬,帝武乙射革囊,而-N,帝武乙無道，為偶人，謂之天神。與之博，令人為行。天神不勝，乃僇辱之。為革囊，盛血，卬而射之,
動作,帝武乙,革囊,射,帝武乙無道，為偶人，謂之天神。與之博，令人為行。天神不勝，乃僇辱之。為革囊，盛血，卬而射之,
遞進,帝武乙射革囊,帝武命曰,，-N,帝武乙無道，為偶人，謂之天神。與之博，令人為行。天神不勝，乃僇辱之。為革囊，盛血，卬而射之，命曰「射天」,
政治,帝武乙,,命曰,帝武乙無道，為偶人，謂之天神。與之博，令人為行。天神不勝，乃僇辱之。為革囊，盛血，卬而射之，命曰「射天」,
事件屬性,帝武命曰,,射天,帝武乙無道，為偶人，謂之天神。與之博，令人為行。天神不勝，乃僇辱之。為革囊，盛血，卬而射之，命曰「射天」,
遞進,帝武命曰,武乙獵,」。-N,帝武乙無道，為偶人，謂之天神。與之博，令人為行。天神不勝，乃僇辱之。為革囊，盛血，卬而射之，命曰「射天」。武乙獵於河渭之閒,
政治,武乙,,獵,武乙獵於河渭之閒,
事件屬性,武乙獵,河渭之閒,於-L,武乙獵於河渭之閒,
遞進,武乙獵,暴雷,，-N,武乙獵於河渭之閒，暴雷,
政治,河渭之閒,,暴雷,武乙獵於河渭之閒，暴雷,
遞進,暴雷,武乙震死,，-N,武乙獵於河渭之閒，暴雷，武乙震死,
生命,武乙,,震死,武乙震死,
遞進,武乙震死,帝太丁立,。-N,武乙震死。子帝太丁立,
政治,帝太丁,,立,子帝太丁立,
生命,武乙,帝太丁,子,武乙震死。子帝太丁立,
生命,帝太丁,,崩,帝太丁崩,
遞進,帝太丁崩,帝乙立,，-N,帝太丁崩，子帝乙立,
生命,帝太丁,帝乙,子,帝太丁崩，子帝乙立,
政治,帝乙,,立,子帝乙立,
政治,帝乙,,立,帝乙立,
遞進,帝乙立,殷益衰,，-N,帝乙立，殷益衰,
政治,殷,,益衰,殷益衰,
生命,帝乙,微子啟,長子,帝乙長子曰微子啟,
政治,啟母,,賤,啟母賤，不得嗣。,
因果,啟母賤,啟不得嗣,，-N,啟母賤，不得嗣。,
政治,啟,,不得嗣,啟母賤，不得嗣。,
生命,帝乙,辛,少子,帝乙長子曰微子啟，啟母賤，不得嗣。少子辛，辛母正后，辛為嗣。,
政治,辛母,,正后,少子辛，辛母正后，辛為嗣。,
因果,辛母正后,辛為嗣,，-N,少子辛，辛母正后，辛為嗣。,
政治,辛,,為嗣,少子辛，辛母正后，辛為嗣。,
生命,帝乙,,崩,帝乙崩,
遞進,帝乙崩,辛立,，-N,帝乙崩，子辛立,
生命,帝乙,辛,子,帝乙崩，子辛立,
政治,辛,,立,子辛立,
屬性,辛,帝辛,是為,子辛立，是為帝辛,
政治,天下,帝辛:辛,謂,子辛立，是為帝辛，天下謂之紂,
事件屬性,天下謂帝辛:辛,,紂,子辛立，是為帝辛，天下謂之紂,
屬性,帝辛,紂,謂之,子辛立，是為帝辛，天下謂之紂,
屬性,辛,紂,謂之,子辛立，是為帝辛，天下謂之紂,
政治,帝紂,,捷疾敏人,帝紂資辨捷疾,
政治,帝紂,,聞見甚敏,帝紂資辨捷疾，聞見甚敏,
政治,帝紂,,材力過人,帝紂資辨捷疾，聞見甚敏；材力過人,
政治,帝紂,猛獸,手格,帝紂資辨捷疾，聞見甚敏；材力過人，手格猛獸,
政治,帝紂,,知,帝紂資辨捷疾，聞見甚敏；材力過人，手格猛獸；知足以距諫,
事件屬性,帝紂知,,足以距諫,帝紂資辨捷疾，聞見甚敏；材力過人，手格猛獸；知足以距諫,
政治,帝紂,,言,帝紂資辨捷疾，聞見甚敏；材力過人，手格猛獸；知足以距諫，言足以飾非,
事件屬性,帝紂言,,足以飾非,帝紂資辨捷疾，聞見甚敏；材力過人，手格猛獸；知足以距諫，言足以飾非,
政治,帝紂,人臣,矜,帝紂資辨捷疾，聞見甚敏；材力過人，手格猛獸；知足以距諫，言足以飾非；矜人臣以能,
事件屬性,帝紂矜人臣,,以能,帝紂資辨捷疾，聞見甚敏；材力過人，手格猛獸；知足以距諫，言足以飾非；矜人臣以能,
政治,帝紂,天下,高,帝紂資辨捷疾，聞見甚敏；材力過人，手格猛獸；知足以距諫，言足以飾非；矜人臣以能，高天下以聲,
事件屬性,帝紂高天下,,以聲,帝紂資辨捷疾，聞見甚敏；材力過人，手格猛獸；知足以距諫，言足以飾非；矜人臣以能，高天下以聲,
政治,帝紂,天下,以為,帝紂資辨捷疾，聞見甚敏；材力過人，手格猛獸；知足以距諫，言足以飾非；矜人臣以能，高天下以聲，以為皆出己之下,
事件屬性,帝紂以為天下,,皆出己之下,帝紂資辨捷疾，聞見甚敏；材力過人，手格猛獸；知足以距諫，言足以飾非；矜人臣以能，高天下以聲，以為皆出己之下,
政治,帝紂,酒淫樂,好,帝紂資辨捷疾，聞見甚敏；材力過人，手格猛獸；知足以距諫，言足以飾非；矜人臣以能，高天下以聲，以為皆出己之下。好酒淫樂,
遞進,帝紂好酒淫樂,帝紂嬖於婦人,，-N,帝紂資辨捷疾，聞見甚敏；材力過人，手格猛獸；知足以距諫，言足以飾非；矜人臣以能，高天下以聲，以為皆出己之下。好酒淫樂，嬖於婦人,
政治,帝紂,婦人,嬖於,帝紂資辨捷疾，聞見甚敏；材力過人，手格猛獸；知足以距諫，言足以飾非；矜人臣以能，高天下以聲，以為皆出己之下。好酒淫樂，嬖於婦人,
遞進,帝紂嬖於婦人,帝紂愛妲己,。-N,帝紂資辨捷疾，聞見甚敏；材力過人，手格猛獸；知足以距諫，言足以飾非；矜人臣以能，高天下以聲，以為皆出己之下。好酒淫樂，嬖於婦人。愛妲己,
政治,帝紂,妲己,愛,帝紂資辨捷疾，聞見甚敏；材力過人，手格猛獸；知足以距諫，言足以飾非；矜人臣以能，高天下以聲，以為皆出己之下。好酒淫樂，嬖於婦人。愛妲己,
因果,帝紂愛妲己,帝紂從妲己之言,。於是-N,帝紂資辨捷疾，聞見甚敏；材力過人，手格猛獸；知足以距諫，言足以飾非；矜人臣以能，高天下以聲，以為皆出己之下。好酒淫樂，嬖於婦人。愛妲己，妲己之言是從,
政治,帝紂,妲己之言,從,帝紂資辨捷疾，聞見甚敏；材力過人，手格猛獸；知足以距諫，言足以飾非；矜人臣以能，高天下以聲，以為皆出己之下。好酒淫樂，嬖於婦人。愛妲己，妲己之言是從,
因果,帝紂從妲己之言,帝紂使師涓,。於是-N,帝紂資辨捷疾，聞見甚敏；材力過人，手格猛獸；知足以距諫，言足以飾非；矜人臣以能，高天下以聲，以為皆出己之下。好酒淫樂，嬖於婦人。愛妲己，妲己之言是從。於是使師涓作新淫聲,
政治,帝紂,師涓,使,帝紂資辨捷疾，聞見甚敏；材力過人，手格猛獸；知足以距諫，言足以飾非；矜人臣以能，高天下以聲，以為皆出己之下。好酒淫樂，嬖於婦人。愛妲己，妲己之言是從。於是使師涓作新淫聲,
事件屬性,帝紂使師涓,,作新淫聲:北里之舞:靡靡之樂,帝紂資辨捷疾，聞見甚敏；材力過人，手格猛獸；知足以距諫，言足以飾非；矜人臣以能，高天下以聲，以為皆出己之下。好酒淫樂，嬖於婦人。愛妲己，妲己之言是從。於是使師涓作新淫聲，北里之舞，靡靡之樂,
動作,師涓,新淫聲:北里之舞:靡靡之樂,作,於是使師涓作新淫聲，北里之舞，靡靡之樂,
並列,帝紂使師涓,帝紂厚賦稅,。-N,帝紂資辨捷疾，聞見甚敏；材力過人，手格猛獸；知足以距諫，言足以飾非；矜人臣以能，高天下以聲，以為皆出己之下。好酒淫樂，嬖於婦人。愛妲己，妲己之言是從。於是使師涓作新淫聲，北里之舞，靡靡之樂。厚賦稅以實鹿臺之錢,
政治,帝紂,賦稅,厚,帝紂資辨捷疾，聞見甚敏；材力過人，手格猛獸；知足以距諫，言足以飾非；矜人臣以能，高天下以聲，以為皆出己之下。好酒淫樂，嬖於婦人。愛妲己，妲己之言是從。於是使師涓作新淫聲，北里之舞，靡靡之樂。厚賦稅以實鹿臺之錢,
遞進,帝紂厚賦稅,帝紂實鹿臺之錢,以-N,帝紂資辨捷疾，聞見甚敏；材力過人，手格猛獸；知足以距諫，言足以飾非；矜人臣以能，高天下以聲，以為皆出己之下。好酒淫樂，嬖於婦人。愛妲己，妲己之言是從。於是使師涓作新淫聲，北里之舞，靡靡之樂。厚賦稅以實鹿臺之錢,
政治,帝紂,鹿臺之錢,實,帝紂資辨捷疾，聞見甚敏；材力過人，手格猛獸；知足以距諫，言足以飾非；矜人臣以能，高天下以聲，以為皆出己之下。好酒淫樂，嬖於婦人。愛妲己，妲己之言是從。於是使師涓作新淫聲，北里之舞，靡靡之樂。厚賦稅以實鹿臺之錢,
遞進,帝紂實鹿臺之錢,帝紂盈鉅橋之粟,，而-N,帝紂資辨捷疾，聞見甚敏；材力過人，手格猛獸；知足以距諫，言足以飾非；矜人臣以能，高天下以聲，以為皆出己之下。好酒淫樂，嬖於婦人。愛妲己，妲己之言是從。於是使師涓作新淫聲，北里之舞，靡靡之樂。厚賦稅以實鹿臺之錢，而盈鉅橋之粟,
政治,帝紂,鉅橋之粟,盈,帝紂資辨捷疾，聞見甚敏；材力過人，手格猛獸；知足以距諫，言足以飾非；矜人臣以能，高天下以聲，以為皆出己之下。好酒淫樂，嬖於婦人。愛妲己，妲己之言是從。於是使師涓作新淫聲，北里之舞，靡靡之樂。厚賦稅以實鹿臺之錢，而盈鉅橋之粟,
遞進,帝紂盈鉅橋之粟,帝紂益收狗馬:奇物,。-N,帝紂資辨捷疾，聞見甚敏；材力過人，手格猛獸；知足以距諫，言足以飾非；矜人臣以能，高天下以聲，以為皆出己之下。好酒淫樂，嬖於婦人。愛妲己，妲己之言是從。於是使師涓作新淫聲，北里之舞，靡靡之樂。厚賦稅以實鹿臺之錢，而盈鉅橋之粟。益收狗馬奇物,
政治,帝紂,狗馬:奇物,益收,帝紂資辨捷疾，聞見甚敏；材力過人，手格猛獸；知足以距諫，言足以飾非；矜人臣以能，高天下以聲，以為皆出己之下。好酒淫樂，嬖於婦人。愛妲己，妲己之言是從。於是使師涓作新淫聲，北里之舞，靡靡之樂。厚賦稅以實鹿臺之錢，而盈鉅橋之粟。益收狗馬奇物,
遞進,帝紂益收狗馬:奇物,帝紂充仞宮室,，-N,帝紂資辨捷疾，聞見甚敏；材力過人，手格猛獸；知足以距諫，言足以飾非；矜人臣以能，高天下以聲，以為皆出己之下。好酒淫樂，嬖於婦人。愛妲己，妲己之言是從。於是使師涓作新淫聲，北里之舞，靡靡之樂。厚賦稅以實鹿臺之錢，而盈鉅橋之粟。益收狗馬奇物，充仞宮室,
政治,帝紂,宮室,充仞,帝紂資辨捷疾，聞見甚敏；材力過人，手格猛獸；知足以距諫，言足以飾非；矜人臣以能，高天下以聲，以為皆出己之下。好酒淫樂，嬖於婦人。愛妲己，妲己之言是從。於是使師涓作新淫聲，北里之舞，靡靡之樂。厚賦稅以實鹿臺之錢，而盈鉅橋之粟。益收狗馬奇物，充仞宮室,
遞進,帝紂充仞宮室,帝紂益廣沙丘:苑臺,。-N,帝紂資辨捷疾，聞見甚敏；材力過人，手格猛獸；知足以距諫，言足以飾非；矜人臣以能，高天下以聲，以為皆出己之下。好酒淫樂，嬖於婦人。愛妲己，妲己之言是從。於是使師涓作新淫聲，北里之舞，靡靡之樂。厚賦稅以實鹿臺之錢，而盈鉅橋之粟。益收狗馬奇物，充仞宮室。益廣沙丘苑臺,
政治,帝紂,沙丘:苑臺,益廣,帝紂資辨捷疾，聞見甚敏；材力過人，手格猛獸；知足以距諫，言足以飾非；矜人臣以能，高天下以聲，以為皆出己之下。好酒淫樂，嬖於婦人。愛妲己，妲己之言是從。於是使師涓作新淫聲，北里之舞，靡靡之樂。厚賦稅以實鹿臺之錢，而盈鉅橋之粟。益收狗馬奇物，充仞宮室。益廣沙丘苑臺,
遞進,帝紂益廣沙丘:苑臺,帝紂多取野獸:蜚鳥,，-N,帝紂資辨捷疾，聞見甚敏；材力過人，手格猛獸；知足以距諫，言足以飾非；矜人臣以能，高天下以聲，以為皆出己之下。好酒淫樂，嬖於婦人。愛妲己，妲己之言是從。於是使師涓作新淫聲，北里之舞，靡靡之樂。厚賦稅以實鹿臺之錢，而盈鉅橋之粟。益收狗馬奇物，充仞宮室。益廣沙丘苑臺，多取野獸蜚鳥置其中,
政治,帝紂,野獸:蜚鳥,多取,帝紂資辨捷疾，聞見甚敏；材力過人，手格猛獸；知足以距諫，言足以飾非；矜人臣以能，高天下以聲，以為皆出己之下。好酒淫樂，嬖於婦人。愛妲己，妲己之言是從。於是使師涓作新淫聲，北里之舞，靡靡之樂。厚賦稅以實鹿臺之錢，而盈鉅橋之粟。益收狗馬奇物，充仞宮室。益廣沙丘苑臺，多取野獸蜚鳥置其中,
事件屬性,帝紂多取野獸:蜚鳥,沙丘:苑臺,置-L,帝紂資辨捷疾，聞見甚敏；材力過人，手格猛獸；知足以距諫，言足以飾非；矜人臣以能，高天下以聲，以為皆出己之下。好酒淫樂，嬖於婦人。愛妲己，妲己之言是從。於是使師涓作新淫聲，北里之舞，靡靡之樂。厚賦稅以實鹿臺之錢，而盈鉅橋之粟。益收狗馬奇物，充仞宮室。益廣沙丘苑臺，多取野獸蜚鳥置其中,
遞進,帝紂多取野獸:蜚鳥,帝紂慢於鬼神,。-N,帝紂資辨捷疾，聞見甚敏；材力過人，手格猛獸；知足以距諫，言足以飾非；矜人臣以能，高天下以聲，以為皆出己之下。好酒淫樂，嬖於婦人。愛妲己，妲己之言是從。於是使師涓作新淫聲，北里之舞，靡靡之樂。厚賦稅以實鹿臺之錢，而盈鉅橋之粟。益收狗馬奇物，充仞宮室。益廣沙丘苑臺，多取野獸蜚鳥置其中。慢於鬼神,
政治,帝紂,鬼神,慢於,帝紂資辨捷疾，聞見甚敏；材力過人，手格猛獸；知足以距諫，言足以飾非；矜人臣以能，高天下以聲，以為皆出己之下。好酒淫樂，嬖於婦人。愛妲己，妲己之言是從。於是使師涓作新淫聲，北里之舞，靡靡之樂。厚賦稅以實鹿臺之錢，而盈鉅橋之粟。益收狗馬奇物，充仞宮室。益廣沙丘苑臺，多取野獸蜚鳥置其中。慢於鬼神,
遞進,帝紂慢於鬼神,帝紂大冣樂戲,。-N,帝紂資辨捷疾，聞見甚敏；材力過人，手格猛獸；知足以距諫，言足以飾非；矜人臣以能，高天下以聲，以為皆出己之下。好酒淫樂，嬖於婦人。愛妲己，妲己之言是從。於是使師涓作新淫聲，北里之舞，靡靡之樂。厚賦稅以實鹿臺之錢，而盈鉅橋之粟。益收狗馬奇物，充仞宮室。益廣沙丘苑臺，多取野獸蜚鳥置其中。慢於鬼神。大冣樂戲於沙丘,
政治,帝紂,樂戲,大冣,帝紂資辨捷疾，聞見甚敏；材力過人，手格猛獸；知足以距諫，言足以飾非；矜人臣以能，高天下以聲，以為皆出己之下。好酒淫樂，嬖於婦人。愛妲己，妲己之言是從。於是使師涓作新淫聲，北里之舞，靡靡之樂。厚賦稅以實鹿臺之錢，而盈鉅橋之粟。益收狗馬奇物，充仞宮室。益廣沙丘苑臺，多取野獸蜚鳥置其中。慢於鬼神。大冣樂戲於沙丘,
事件屬性,帝紂大冣樂戲,沙丘,於-L,帝紂資辨捷疾，聞見甚敏；材力過人，手格猛獸；知足以距諫，言足以飾非；矜人臣以能，高天下以聲，以為皆出己之下。好酒淫樂，嬖於婦人。愛妲己，妲己之言是從。於是使師涓作新淫聲，北里之舞，靡靡之樂。厚賦稅以實鹿臺之錢，而盈鉅橋之粟。益收狗馬奇物，充仞宮室。益廣沙丘苑臺，多取野獸蜚鳥置其中。慢於鬼神。大冣樂戲於沙丘,
遞進,帝紂大冣樂戲,帝紂以酒,，-N,帝紂資辨捷疾，聞見甚敏；材力過人，手格猛獸；知足以距諫，言足以飾非；矜人臣以能，高天下以聲，以為皆出己之下。好酒淫樂，嬖於婦人。愛妲己，妲己之言是從。於是使師涓作新淫聲，北里之舞，靡靡之樂。厚賦稅以實鹿臺之錢，而盈鉅橋之粟。益收狗馬奇物，充仞宮室。益廣沙丘苑臺，多取野獸蜚鳥置其中。慢於鬼神。大冣樂戲於沙丘，以酒為池,
動作,帝紂,酒,以,帝紂資辨捷疾，聞見甚敏；材力過人，手格猛獸；知足以距諫，言足以飾非；矜人臣以能，高天下以聲，以為皆出己之下。好酒淫樂，嬖於婦人。愛妲己，妲己之言是從。於是使師涓作新淫聲，北里之舞，靡靡之樂。厚賦稅以實鹿臺之錢，而盈鉅橋之粟。益收狗馬奇物，充仞宮室。益廣沙丘苑臺，多取野獸蜚鳥置其中。慢於鬼神。大冣樂戲於沙丘，以酒為池,
事件屬性,帝紂以酒,,為池,帝紂資辨捷疾，聞見甚敏；材力過人，手格猛獸；知足以距諫，言足以飾非；矜人臣以能，高天下以聲，以為皆出己之下。好酒淫樂，嬖於婦人。愛妲己，妲己之言是從。於是使師涓作新淫聲，北里之舞，靡靡之樂。厚賦稅以實鹿臺之錢，而盈鉅橋之粟。益收狗馬奇物，充仞宮室。益廣沙丘苑臺，多取野獸蜚鳥置其中。慢於鬼神。大冣樂戲於沙丘，以酒為池,
遞進,帝紂以酒,帝紂縣肉,，-N,帝紂資辨捷疾，聞見甚敏；材力過人，手格猛獸；知足以距諫，言足以飾非；矜人臣以能，高天下以聲，以為皆出己之下。好酒淫樂，嬖於婦人。愛妲己，妲己之言是從。於是使師涓作新淫聲，北里之舞，靡靡之樂。厚賦稅以實鹿臺之錢，而盈鉅橋之粟。益收狗馬奇物，充仞宮室。益廣沙丘苑臺，多取野獸蜚鳥置其中。慢於鬼神。大冣樂戲於沙丘，以酒為池，縣肉為林,
動作,帝紂,肉,縣,帝紂資辨捷疾，聞見甚敏；材力過人，手格猛獸；知足以距諫，言足以飾非；矜人臣以能，高天下以聲，以為皆出己之下。好酒淫樂，嬖於婦人。愛妲己，妲己之言是從。於是使師涓作新淫聲，北里之舞，靡靡之樂。厚賦稅以實鹿臺之錢，而盈鉅橋之粟。益收狗馬奇物，充仞宮室。益廣沙丘苑臺，多取野獸蜚鳥置其中。慢於鬼神。大冣樂戲於沙丘，以酒為池，縣肉為林,
事件屬性,帝紂縣肉,,為林,帝紂資辨捷疾，聞見甚敏；材力過人，手格猛獸；知足以距諫，言足以飾非；矜人臣以能，高天下以聲，以為皆出己之下。好酒淫樂，嬖於婦人。愛妲己，妲己之言是從。於是使師涓作新淫聲，北里之舞，靡靡之樂。厚賦稅以實鹿臺之錢，而盈鉅橋之粟。益收狗馬奇物，充仞宮室。益廣沙丘苑臺，多取野獸蜚鳥置其中。慢於鬼神。大冣樂戲於沙丘，以酒為池，縣肉為林,
遞進,帝紂縣肉,帝紂使男女,，-N,帝紂資辨捷疾，聞見甚敏；材力過人，手格猛獸；知足以距諫，言足以飾非；矜人臣以能，高天下以聲，以為皆出己之下。好酒淫樂，嬖於婦人。愛妲己，妲己之言是從。於是使師涓作新淫聲，北里之舞，靡靡之樂。厚賦稅以實鹿臺之錢，而盈鉅橋之粟。益收狗馬奇物，充仞宮室。益廣沙丘苑臺，多取野獸蜚鳥置其中。慢於鬼神。大冣樂戲於沙丘，以酒為池，縣肉為林，使男女倮相逐其閒,
政治,帝紂,男女,使,帝紂資辨捷疾，聞見甚敏；材力過人，手格猛獸；知足以距諫，言足以飾非；矜人臣以能，高天下以聲，以為皆出己之下。好酒淫樂，嬖於婦人。愛妲己，妲己之言是從。於是使師涓作新淫聲，北里之舞，靡靡之樂。厚賦稅以實鹿臺之錢，而盈鉅橋之粟。益收狗馬奇物，充仞宮室。益廣沙丘苑臺，多取野獸蜚鳥置其中。慢於鬼神。大冣樂戲於沙丘，以酒為池，縣肉為林，使男女倮相逐其閒,
事件屬性,帝紂使男女,,倮相逐其閒,帝紂資辨捷疾，聞見甚敏；材力過人，手格猛獸；知足以距諫，言足以飾非；矜人臣以能，高天下以聲，以為皆出己之下。好酒淫樂，嬖於婦人。愛妲己，妲己之言是從。於是使師涓作新淫聲，北里之舞，靡靡之樂。厚賦稅以實鹿臺之錢，而盈鉅橋之粟。益收狗馬奇物，充仞宮室。益廣沙丘苑臺，多取野獸蜚鳥置其中。慢於鬼神。大冣樂戲於沙丘，以酒為池，縣肉為林，使男女倮相逐其閒,
遞進,帝紂使男女,帝紂為長夜之飲,，-N,帝紂資辨捷疾，聞見甚敏；材力過人，手格猛獸；知足以距諫，言足以飾非；矜人臣以能，高天下以聲，以為皆出己之下。好酒淫樂，嬖於婦人。愛妲己，妲己之言是從。於是使師涓作新淫聲，北里之舞，靡靡之樂。厚賦稅以實鹿臺之錢，而盈鉅橋之粟。益收狗馬奇物，充仞宮室。益廣沙丘苑臺，多取野獸蜚鳥置其中。慢於鬼神。大冣樂戲於沙丘，以酒為池，縣肉為林，使男女倮相逐其閒,
政治,帝紂,長夜之飲,為,帝紂資辨捷疾，聞見甚敏；材力過人，手格猛獸；知足以距諫，言足以飾非；矜人臣以能，高天下以聲，以為皆出己之下。好酒淫樂，嬖於婦人。愛妲己，妲己之言是從。於是使師涓作新淫聲，北里之舞，靡靡之樂。厚賦稅以實鹿臺之錢，而盈鉅橋之粟。益收狗馬奇物，充仞宮室。益廣沙丘苑臺，多取野獸蜚鳥置其中。慢於鬼神。大冣樂戲於沙丘，以酒為池，縣肉為林，使男女倮相逐其閒，為長夜之飲,
因果,帝紂為長夜之飲,百姓怨望,。-N,帝紂資辨捷疾，聞見甚敏；材力過人，手格猛獸；知足以距諫，言足以飾非；矜人臣以能，高天下以聲，以為皆出己之下。好酒淫樂，嬖於婦人。愛妲己，妲己之言是從。於是使師涓作新淫聲，北里之舞，靡靡之樂。厚賦稅以實鹿臺之錢，而盈鉅橋之粟。益收狗馬奇物，充仞宮室。益廣沙丘苑臺，多取野獸蜚鳥置其中。慢於鬼神。大冣樂戲於沙丘，以酒為池，縣肉為林，使男女倮相逐其閒，為長夜之飲。百姓怨望而諸侯有畔者，於是紂乃重刑辟，,
政治,百姓,,怨望,百姓怨望而諸侯有畔者,
並列,百姓怨望,諸侯畔,而-N,百姓怨望而諸侯有畔者,
政治,諸侯,,畔,百姓怨望而諸侯有畔者,
因果,諸侯畔,紂重刑辟,，於是-N,百姓怨望而諸侯有畔者，於是紂乃重刑辟,
政治,紂,刑辟,重,百姓怨望而諸侯有畔者，於是紂乃重刑辟,
遞進,紂重刑辟,紂有炮格之法,，-N,百姓怨望而諸侯有畔者，於是紂乃重刑辟，有炮格之法,
政治,紂,炮格之法,有,百姓怨望而諸侯有畔者，於是紂乃重刑辟，有炮格之法,
政治,紂,西伯昌:九侯:鄂侯,以,百姓怨望而諸侯有畔者，於是紂乃重刑辟，有炮格之法。以西伯昌、九侯、鄂侯為三公,
事件屬性,紂以西伯昌:九侯:鄂侯,,為三公,百姓怨望而諸侯有畔者，於是紂乃重刑辟，有炮格之法。以西伯昌、九侯、鄂侯為三公,
屬性,西伯昌:九侯:鄂侯,三公,為,百姓怨望而諸侯有畔者，於是紂乃重刑辟，有炮格之法。以西伯昌、九侯、鄂侯為三公,
政治,九侯,好女,有,九侯有好女,
遞進,九侯有好女,好女入紂,，-N,九侯有好女，入之紂,
社交,好女,紂,入,九侯有好女，入之紂,
遞進,好女入紂,九侯女不憙淫,。-N,九侯有好女，入之紂。九侯女不憙淫,
政治,九侯女,淫,不憙,九侯女不憙淫,
遞進,九侯女不憙淫,紂怒,，-N,九侯女不憙淫，紂怒,
政治,紂,,怒,紂怒,
遞進,紂怒,紂殺九侯女,，-N,九侯女不憙淫，紂怒，殺之,
生命,紂,九侯女,殺,九侯女不憙淫，紂怒，殺之,
並列,紂殺九侯女,紂醢九侯,，而-N,紂怒，殺之，而醢九侯,
生命,紂,九侯,醢,紂怒，殺之，而醢九侯,
遞進,紂醢九侯,鄂侯爭紂,。-N,紂怒，殺之，而醢九侯。鄂侯爭之彊,
政治,鄂侯,紂,爭,紂怒，殺之，而醢九侯。鄂侯爭之彊,
事件屬性,鄂侯爭紂,,彊,紂怒，殺之，而醢九侯。鄂侯爭之彊,
並列,鄂侯爭紂,鄂侯辨紂,，-N,紂怒，殺之，而醢九侯。鄂侯爭之彊，辨之疾,
政治,鄂侯,紂,辨,紂怒，殺之，而醢九侯。鄂侯爭之彊，辨之疾,
事件屬性,鄂侯辨紂,,疾,紂怒，殺之，而醢九侯。鄂侯爭之彊，辨之疾,
遞進,鄂侯辨紂,紂脯鄂侯,，并-N,紂怒，殺之，而醢九侯。鄂侯爭之彊，辨之疾，并脯鄂侯,
生命,紂,鄂侯,脯,紂怒，殺之，而醢九侯。鄂侯爭之彊，辨之疾，并脯鄂侯,
遞進,紂脯鄂侯,西伯昌聞,。-N,紂怒，殺之，而醢九侯。鄂侯爭之彊，辨之疾，并脯鄂侯。西伯昌聞之,
政治,西伯昌,紂,聞,紂怒，殺之，而醢九侯。鄂侯爭之彊，辨之疾，并脯鄂侯。西伯昌聞之,
遞進,西伯昌聞紂,西伯昌竊嘆,，-N,紂怒，殺之，而醢九侯。鄂侯爭之彊，辨之疾，并脯鄂侯。西伯昌聞之，竊嘆,
政治,西伯昌,,竊嘆,西伯昌聞之，竊嘆,
遞進,西伯昌竊嘆,崇侯虎知,。-N,西伯昌聞之，竊嘆。崇侯虎知之,
政治,崇侯虎,西伯昌,知,西伯昌聞之，竊嘆。崇侯虎知之,
遞進,崇侯虎知西伯昌,崇侯虎告紂,，以-N,西伯昌聞之，竊嘆。崇侯虎知之，以告紂,
政治,崇侯虎,紂,告,崇侯虎知之，以告紂,
遞進,崇侯虎告紂,紂囚西伯,，-N,崇侯虎知之，以告紂，紂囚西伯羑里,
政治,紂,西伯,囚,紂囚西伯羑里,
事件屬性,紂囚西伯,羑里,羑里-L,紂囚西伯羑里,
遞進,紂囚西伯,西伯之臣閎夭之徒求美女:奇物:善馬,。-N,紂囚西伯羑里。西伯之臣閎夭之徒，求美女奇物善馬以獻紂,
政治,西伯之臣閎夭之徒,美女:奇物:善馬,求,西伯之臣閎夭之徒，求美女奇物善馬以獻紂,
遞進,西伯之臣閎夭之徒求美女:奇物:善馬,西伯之臣閎夭之徒獻紂,，-N,西伯之臣閎夭之徒，求美女奇物善馬以獻紂,
政治,西伯之臣閎夭之徒,紂,獻,西伯之臣閎夭之徒，求美女奇物善馬以獻紂,
遞進,西伯之臣閎夭之徒獻紂,紂赦西伯,。-N,西伯之臣閎夭之徒，求美女奇物善馬以獻紂，紂乃赦西伯,
政治,紂,西伯,赦,紂乃赦西伯,
遞進,紂赦西伯,西伯出,。-N,紂乃赦西伯。西伯出而獻洛西之地,
政治,西伯,,出,西伯出而獻洛西之地,
遞進,西伯出,西伯獻洛西之地,而-N,西伯出而獻洛西之地,
政治,西伯,洛西之地,獻,西伯出而獻洛西之地,
遞進,西伯獻洛西之地,西伯請除炮格之刑,，以-N,西伯出而獻洛西之地，以請除炮格之刑,
政治,西伯,炮格之刑,請除,西伯出而獻洛西之地，以請除炮格之刑,
遞進,西伯請除炮格之刑,紂許西伯,。-N,西伯出而獻洛西之地，以請除炮格之刑。紂乃許之,
政治,紂,西伯,許,西伯出而獻洛西之地，以請除炮格之刑。紂乃許之,
遞進,紂許西伯,紂賜西伯,，-N,西伯出而獻洛西之地，以請除炮格之刑。紂乃許之，賜弓矢斧鉞,
政治,紂,西伯,賜,西伯出而獻洛西之地，以請除炮格之刑。紂乃許之，賜弓矢斧鉞,
事件屬性,紂賜西伯,,弓:矢:斧:鉞,西伯出而獻洛西之地，以請除炮格之刑。紂乃許之，賜弓矢斧鉞,
遞進,紂賜西伯,紂使西伯,，-N,西伯出而獻洛西之地，以請除炮格之刑。紂乃許之，賜弓矢斧鉞，使得征伐,
政治,紂,西伯,使,西伯出而獻洛西之地，以請除炮格之刑。紂乃許之，賜弓矢斧鉞，使得征伐,
事件屬性,紂使西伯,,征伐,西伯出而獻洛西之地，以請除炮格之刑。紂乃許之，賜弓矢斧鉞，使得征伐,
屬性,西伯,西伯,為,西伯出而獻洛西之地，以請除炮格之刑。紂乃許之，賜弓矢斧鉞，使得征伐，為西伯,
遞進,紂使西伯,紂用費中,。而-N,西伯出而獻洛西之地，以請除炮格之刑。紂乃許之，賜弓矢斧鉞，使得征伐，為西伯。而用費中為政,
政治,紂,費中,用,西伯出而獻洛西之地，以請除炮格之刑。紂乃許之，賜弓矢斧鉞，使得征伐，為西伯。而用費中為政,
事件屬性,紂用費中,,為政,西伯出而獻洛西之地，以請除炮格之刑。紂乃許之，賜弓矢斧鉞，使得征伐，為西伯。而用費中為政,
政治,費中,,善諛,費中善諛,
政治,費中,,好利,費中善諛，好利,
因果,費中善諛:費中好利,殷人弗親費中,。-N,費中善諛，好利，殷人弗親,
政治,殷人,費中,弗親,費中善諛，好利，殷人弗親,
因果,殷人弗親費中,紂用惡來,。-N,費中善諛，好利，殷人弗親。紂又用惡來,
政治,紂,惡來,用,紂又用惡來,
政治,惡來,,善毀讒,惡來善毀讒,
因果,惡來善毀讒,諸侯益疏,，-N,惡來善毀讒，諸侯以此益疏,
政治,諸侯,,益疏,諸侯以此益疏,
事件屬性,諸侯益疏,,以此,諸侯以此益疏,
空間,西伯,,歸,西伯歸,
遞進,西伯歸,西伯陰修德行善,，乃-N,西伯歸，乃陰修德行善,
政治,西伯,,陰修德行善,西伯歸，乃陰修德行善,
遞進,西伯陰修德行善,諸侯叛紂,，-N,西伯歸，乃陰修德行善，諸侯多叛紂而往歸西伯,
政治,諸侯,紂,叛,西伯歸，乃陰修德行善，諸侯多叛紂而往歸西伯,
遞進,諸侯叛紂,諸侯往歸西伯,而-N,西伯歸，乃陰修德行善，諸侯多叛紂而往歸西伯,
政治,諸侯,西伯,往歸,西伯歸，乃陰修德行善，諸侯多叛紂而往歸西伯,
遞進,諸侯往歸西伯,西伯滋大,。-N,諸侯多叛紂而往歸西伯。西伯滋大,
政治,西伯,,滋大,諸侯多叛紂而往歸西伯。西伯滋大,
因果,西伯滋大,紂失權重,，-N,西伯滋大，紂由是稍失權重,
政治,紂,權重,失,西伯滋大，紂由是稍失權重,
遞進,紂失權重,王子比干諫紂,。-N,西伯滋大，紂由是稍失權重。王子比干諫,
政治,王子比干,紂,諫,紂由是稍失權重。王子比干諫,
遞進,王子比干諫紂,紂弗聽王子比干,，-N,紂由是稍失權重。王子比干諫，弗聽,
政治,紂,王子比干,弗聽,紂由是稍失權重。王子比干諫，弗聽,
屬性,商容,賢,者,商容賢者,
政治,百姓,商容,愛,商容賢者，百姓愛之,
轉折,百姓愛商容,紂廢商容,，-N,商容賢者，百姓愛之,
政治,紂,商容,廢,商容賢者，百姓愛之，紂廢之,
戰爭,西伯,飢國,伐,及西伯伐飢國,
遞進,西伯伐飢國,西伯滅飢國,，-N,及西伯伐飢國，滅之,
戰爭,西伯,飢國,滅,及西伯伐飢國，滅之,
遞進,西伯滅飢國,紂之臣祖伊聞西伯,，-N,及西伯伐飢國，滅之，紂之臣祖伊聞之而咎周,
政治,紂之臣祖伊,西伯,聞,及西伯伐飢國，滅之，紂之臣祖伊聞之而咎周,
遞進,紂之臣祖伊聞西伯,紂之臣祖伊咎周,而-N,及西伯伐飢國，滅之，紂之臣祖伊聞之而咎周,
政治,紂之臣祖伊,周,咎,紂之臣祖伊聞之而咎周,
遞進,紂之臣祖伊咎周,紂之臣祖伊恐,，-N,紂之臣祖伊聞之而咎周，恐,
政治,紂之臣祖伊,,恐,紂之臣祖伊聞之而咎周，恐,
遞進,紂之臣祖伊恐,紂之臣祖伊奔告紂,，-N,紂之臣祖伊聞之而咎周，恐,
政治,紂之臣祖伊,紂,奔告,紂之臣祖伊聞之而咎周，恐，奔告紂曰：「天既訖我殷命，假人元龜，無敢知吉，非先王不相我後人，維王淫虐用自絕，故天弃我，不相我後人，維王淫虐用自絕，故天弃我，不有安食，不虞知天性，不迪率典。今我民罔不欲喪，曰『天曷不降威，大命胡不至』？今王其柰何？」,
事件屬性,紂之臣祖伊奔告紂,,天既訖我殷命:假人元龜:無敢知吉:非先王不相我後人:維王淫虐用自絕:故天弃我:不相我後人:維王淫虐用自絕:故天弃我:不有安食:不虞知天性:不迪率典:今我民罔不欲喪:曰天曷不降威:大命胡不至:今王其柰何,紂之臣祖伊聞之而咎周，恐，奔告紂曰：「天既訖我殷命，假人元龜，無敢知吉，非先王不相我後人，維王淫虐用自絕，故天弃我，不相我後人，維王淫虐用自絕，故天弃我，不有安食，不虞知天性，不迪率典。今我民罔不欲喪，曰『天曷不降威，大命胡不至』？今王其柰何？」,
遞進,紂之臣祖伊奔告紂,紂曰,？」-N,紂之臣祖伊聞之而咎周，恐，奔告紂曰：「天既訖我殷命，假人元龜，無敢知吉，非先王不相我後人，維王淫虐用自絕，故天弃我，不相我後人，維王淫虐用自絕，故天弃我，不有安食，不虞知天性，不迪率典。今我民罔不欲喪，曰『天曷不降威，大命胡不至』？今王其柰何？」紂曰：「我生不有命在天乎！」,
政治,紂,,曰,紂曰：「我生不有命在天乎！」,
事件屬性,紂曰,,我生不有命在天乎,紂曰：「我生不有命在天乎！」,
遞進,紂曰,祖伊反,！」-N,紂曰：「我生不有命在天乎！」祖伊反,
空間,祖伊,,反,祖伊反,
遞進,祖伊反,祖伊曰,，-N,祖伊反，曰：「紂不可諫矣。」,
政治,祖伊,,曰,祖伊反，曰：「紂不可諫矣。」,
事件屬性,祖伊曰,,紂不可諫矣,祖伊反，曰：「紂不可諫矣。」,
生命,西伯,,卒,西伯既卒,
遞進,西伯卒,周武王東伐,，-N,西伯既卒，周武王之東伐,
戰爭,周武王,,東伐,周武王之東伐,
遞進,周武王東伐,周武王至盟津,，-N,周武王之東伐，至盟津,
空間,周武王,盟津,至-L,周武王之東伐，至盟津,
遞進,周武王至盟津,諸侯叛殷會周,，-N,周武王之東伐，至盟津，諸侯叛殷會周者八百,
政治,諸侯,,叛殷會周,諸侯叛殷會周者八百,
事件屬性,諸侯叛殷會周,,者八百,諸侯叛殷會周者八百,
遞進,諸侯叛殷會周,諸侯皆曰,。-N,諸侯叛殷會周者八百。諸侯皆曰：「紂可伐矣。」,
政治,諸侯,,皆曰,諸侯皆曰：「紂可伐矣。」,
事件屬性,諸侯皆曰,,紂可伐矣,諸侯皆曰：「紂可伐矣。」,
遞進,諸侯皆曰,武王曰,。」-N,諸侯皆曰：「紂可伐矣。」武王曰：「爾未知天命。」,
政治,武王,,曰,武王曰：「爾未知天命。」,
事件屬性,武王曰,,爾未知天命,武王曰：「爾未知天命。」,
遞進,武王曰,武王復歸,。」乃-N,武王曰：「爾未知天命。」乃復歸,
空間,武王,,復歸,武王曰：「爾未知天命。」乃復歸,
遞進,武王復歸,紂愈淫亂不止,。-N,武王曰：「爾未知天命。」乃復歸。紂愈淫亂不止,
政治,紂,,愈淫亂不止,紂愈淫亂不止,
遞進,紂愈淫亂不止,微子數諫,。-N,紂愈淫亂不止。微子數諫不聽,
政治,微子,,數諫,紂愈淫亂不止。微子數諫不聽,
事件屬性,微子數諫,,不聽,紂愈淫亂不止。微子數諫不聽,
遞進,微子數諫,微子:大師:少師謀,，乃-N,微子數諫不聽，乃與大師、少師謀,
政治,微子:大師:少師,,謀,微子數諫不聽，乃與大師、少師謀,
遞進,微子:大師:少師謀,微子:大師:少師去,，-N,微子數諫不聽，乃與大師、少師謀，遂去,
空間,微子:大師:少師,,去,微子數諫不聽，乃與大師、少師謀，遂去,
遞進,微子:大師:少師去,比干曰,。-N,微子數諫不聽，乃與大師、少師謀，遂去。比干曰：「為人臣者，不得不以死爭。」,
政治,比干,,曰,比干曰：「為人臣者，不得不以死爭。」,
事件屬性,比干曰,,為人臣者:不得不以死爭,比干曰：「為人臣者，不得不以死爭。」,
遞進,比干曰,比干強諫紂,。」迺-N,比干曰：「為人臣者，不得不以死爭。」迺強諫紂,
政治,比干,紂,強諫,比干曰：「為人臣者，不得不以死爭。」迺強諫紂,
遞進,比干強諫紂,紂怒,。-N,比干曰：「為人臣者，不得不以死爭。」迺強諫紂。紂怒曰：「吾聞聖人心有七竅。」,
政治,紂,,怒,紂怒曰：「吾聞聖人心有七竅。」,
事件屬性,紂怒,,吾聞聖人心有七竅,紂怒曰：「吾聞聖人心有七竅。」,
遞進,紂怒,紂剖比干,。」-N,紂怒曰：「吾聞聖人心有七竅。」剖比干,
生命,紂,比干,剖,紂怒曰：「吾聞聖人心有七竅。」剖比干,
遞進,紂剖比干,紂觀其心,，-N,紂怒曰：「吾聞聖人心有七竅。」剖比干，觀其心,
動作,紂,其心,觀,紂怒曰：「吾聞聖人心有七竅。」剖比干，觀其心,
遞進,紂觀其心,箕子懼,。-N,紂怒曰：「吾聞聖人心有七竅。」剖比干，觀其心。箕子懼,
社交,箕子,,懼,箕子懼,
因果,箕子懼,箕子詳狂,，乃-N,箕子懼，乃詳狂為奴,
社交,箕子,,詳狂,箕子懼，乃詳狂為奴,
事件屬性,箕子詳狂,,為奴,箕子懼，乃詳狂為奴,
遞進,箕子詳狂,紂囚箕子,，-N,箕子懼，乃詳狂為奴，紂又囚之,
政治,紂,箕子,囚,箕子懼，乃詳狂為奴，紂又囚之,
遞進,紂囚箕子,大師:少師奔周,。-N,箕子懼，乃詳狂為奴，紂又囚之。殷之大師、少師乃持其祭樂器奔周,
屬性,大師:少師,殷,之,殷之大師、少師乃持其祭樂器奔周,
政治,大師:少師,周,奔,殷之大師、少師乃持其祭樂器奔周,
事件屬性,大師:少師奔周,,持其祭樂器,殷之大師、少師乃持其祭樂器奔周,
政治,大師:少師,祭樂器,持,殷之大師、少師乃持其祭樂器奔周,
遞進,大師:少師奔周,周武王伐紂,。-N,殷之大師、少師乃持其祭樂器奔周。周武王於是遂率諸侯伐紂,
戰爭,周武王,紂,伐,周武王於是遂率諸侯伐紂,
事件屬性,周武王伐紂,,率諸侯,周武王於是遂率諸侯伐紂,
並列,周武王伐紂,紂發兵距周武王,。-N,周武王於是遂率諸侯伐紂。紂亦發兵距之牧野,
戰爭,紂,周武王,發兵距,周武王於是遂率諸侯伐紂。紂亦發兵距之牧野,
事件屬性,紂發兵距周武王,牧野,之-L,周武王於是遂率諸侯伐紂。紂亦發兵距之牧野,
遞進,紂發兵距周武王,紂敗,。-N,周武王於是遂率諸侯伐紂。紂亦發兵距之牧野。甲子日，紂兵敗,
戰爭,紂,,兵敗,甲子日，紂兵敗,
事件屬性,紂兵敗,,甲子日,甲子日，紂兵敗,
遞進,紂敗,紂走入,。-N,紂兵敗。紂走入,
空間,紂,,走入,紂兵敗。紂走入,
遞進,紂走入,紂登鹿臺,，-N,紂走入，登鹿臺,
空間,紂,鹿臺,登,紂走入，登鹿臺,
遞進,紂登鹿臺,紂衣寶玉衣,，-N,紂走入，登鹿臺，衣其寶玉衣,
動作,紂,寶玉衣,衣,紂走入，登鹿臺，衣其寶玉衣,
遞進,紂衣寶玉衣,紂赴火,，-N,紂走入，登鹿臺，衣其寶玉衣，赴火而死,
動作,紂,,赴火,紂走入，登鹿臺，衣其寶玉衣，赴火而死,
遞進,紂赴火,紂死,而-N,紂走入，登鹿臺，衣其寶玉衣，赴火而死,
生命,紂,,死,紂走入，登鹿臺，衣其寶玉衣，赴火而死,
遞進,紂死,周武王斬紂頭,。-N,紂走入，登鹿臺，衣其寶玉衣，赴火而死。周武王遂斬紂頭,
動作,周武王,紂頭,斬,周武王遂斬紂頭,
遞進,周武王斬紂頭,周武王縣紂頭,，-N,周武王遂斬紂頭，縣之〔大〕白旗,
動作,周武王,紂頭,縣,周武王遂斬紂頭，縣之〔大〕白旗,
事件屬性,周武王縣紂頭,〔大〕白旗,之,周武王遂斬紂頭，縣之〔大〕白旗,
遞進,周武王縣紂頭,周武王殺妲己,。-N,周武王遂斬紂頭，縣之〔大〕白旗。殺妲己,
生命,周武王,妲己,殺,周武王遂斬紂頭，縣之〔大〕白旗。殺妲己,
遞進,周武王殺妲己,周武王釋箕子之囚,。-N,周武王遂斬紂頭，縣之〔大〕白旗。殺妲己。釋箕子之囚,
政治,周武王,箕子之囚,釋,周武王遂斬紂頭，縣之〔大〕白旗。殺妲己。釋箕子之囚,
遞進,周武王釋箕子之囚,周武王封比干之墓,，-N,周武王遂斬紂頭，縣之〔大〕白旗。殺妲己。釋箕子之囚，封比干之墓,
動作,周武王,比干之墓,封,周武王遂斬紂頭，縣之〔大〕白旗。殺妲己。釋箕子之囚，封比干之墓,
遞進,周武王封比干之墓,周武王表商容之閭,，-N,周武王遂斬紂頭，縣之〔大〕白旗。殺妲己。釋箕子之囚，封比干之墓，表商容之閭,
政治,周武王,商容之閭,表,周武王遂斬紂頭，縣之〔大〕白旗。殺妲己。釋箕子之囚，封比干之墓，表商容之閭,
遞進,周武王表商容之閭,周武王封武庚:祿父,。-N,周武王遂斬紂頭，縣之〔大〕白旗。殺妲己。釋箕子之囚，封比干之墓，表商容之閭。封紂子武庚、祿父,
政治,周武王,武庚:祿父,封,周武王遂斬紂頭，縣之〔大〕白旗。殺妲己。釋箕子之囚，封比干之墓，表商容之閭。封紂子武庚、祿父,
事件屬性,周武王封武庚:祿父,,以續殷祀,周武王遂斬紂頭，縣之〔大〕白旗。殺妲己。釋箕子之囚，封比干之墓，表商容之閭。封紂子武庚、祿父，以續殷祀,
生命,紂,武庚:祿父,子,周武王遂斬紂頭，縣之〔大〕白旗。殺妲己。釋箕子之囚，封比干之墓，表商容之閭。封紂子武庚、祿父,
政治,武庚:祿父,殷祀,續,封紂子武庚、祿父，以續殷祀,
遞進,周武王封武庚:祿父,周武王令武庚:祿父,，-N,周武王遂斬紂頭，縣之〔大〕白旗。殺妲己。釋箕子之囚，封比干之墓，表商容之閭。封紂子武庚、祿父，以續殷祀，令修行盤庚之政,
政治,周武王,武庚:祿父,令,周武王遂斬紂頭，縣之〔大〕白旗。殺妲己。釋箕子之囚，封比干之墓，表商容之閭。封紂子武庚、祿父，以續殷祀，令修行盤庚之政,
事件屬性,周武王令武庚:祿父,,修行盤庚之政,周武王遂斬紂頭，縣之〔大〕白旗。殺妲己。釋箕子之囚，封比干之墓，表商容之閭。封紂子武庚、祿父，以續殷祀，令修行盤庚之政,
政治,武庚:祿父,盤庚之政,修行,封紂子武庚、祿父，以續殷祀，令修行盤庚之政,
遞進,周武王令武庚:祿父,殷民大說,。-N,周武王遂斬紂頭，縣之〔大〕白旗。殺妲己。釋箕子之囚，封比干之墓，表商容之閭。封紂子武庚、祿父，以續殷祀，令修行盤庚之政。殷民大說,
政治,殷民,,大說,殷民大說,
遞進,殷民大說,周武王為天子,。於是-N,殷民大說。於是周武王為天子,
政治,周武王,天子,為,於是周武王為天子,
遞進,周武王為天子,後世貶帝號,，-N,於是周武王為天子。其後世貶帝號,
政治,後世,帝號,貶,其後世貶帝號,
遞進,後世貶帝號,後世號王,，-N,其後世貶帝號，號為王,
政治,後世,王,號,其後世貶帝號，號為王,
遞進,後世號王,後世封殷後,。而-N,其後世貶帝號，號為王。而封殷後為諸侯,
政治,後世,殷後,封,其後世貶帝號，號為王。而封殷後為諸侯,
事件屬性,後世封殷後,,為諸侯,其後世貶帝號，號為王。而封殷後為諸侯,
屬性,殷後,諸侯,為,而封殷後為諸侯,
遞進,後世封殷後,殷後屬周,,其後世貶帝號，號為王。而封殷後為諸侯，屬周,
政治,殷後,周,屬,而封殷後為諸侯，屬周,
生命,周武王,,崩,周武王崩,
遞進,周武王崩,武庚:管叔:蔡叔作亂,，-N,周武王崩，武庚與管叔、蔡叔作亂,
政治,武庚:管叔:蔡叔,,作亂,武庚與管叔、蔡叔作亂,
遞進,武庚:管叔:蔡叔作亂,成王命周公,，-N,武庚與管叔、蔡叔作亂，成王命周公誅之,
政治,成王,周公,命,武庚與管叔、蔡叔作亂，成王命周公誅之,
事件屬性,成王命周公,,誅之,武庚與管叔、蔡叔作亂，成王命周公誅之,
生命,周公,武庚:管叔:蔡叔,誅,武庚與管叔、蔡叔作亂，成王命周公誅之,
遞進,成王命周公,成王立微子,，-N,成王命周公誅之，而立微子於宋,
政治,成王,微子,立,成王命周公誅之，而立微子於宋,
事件屬性,成王立微子,宋,於-L,成王命周公誅之，而立微子於宋,
事件屬性,成王立微子,,以續殷後焉,成王命周公誅之，而立微子於宋，以續殷後焉,
政治,微子,殷後,續,而立微子於宋，以續殷後焉,
